sno,ss_id,ss_name,PTR_Capacity,Voltage_Rating,Manufacturer,ManufSerialNo,YoM,Doc
1,1,132/33KV SS Thungaturthy,50,132/33KV,EMCO,HT1531/12137,2002,25-09-2015
2,1,132/33KV SS Thungaturthy,50,132/33KV,BHARAT BIJLEE LTD,5469/42,2015,06-03-2016
3,2,132/33/11KV SS Dharmasagar,50,132/11KV,VENKATESHWARA ELECT IND P LTD,VEI/50M/03,2009,07-07-2010
4,2,132/33/11KV SS Dharmasagar,50,132/11KV,VENKATESHWARA ELECT IND P LTD,V.E.I/50M/04,2009,08-05-2011
5,2,132/33/11KV SS Dharmasagar,31.5,132/11KV,TOSHIBA,90164A12,2016,14-03-2016
6,2,132/33/11KV SS Dharmasagar,50,132/11KV,BHARAT BIJLEE LTD,5619/01,2017,20-08-2018
7,2,132/33/11KV SS Dharmasagar,50,132/33KV,TECHNICAL ASSOCIATES LTD,SP-1131-4,2019,23-12-2020
8,4,132/11KV SS Bommakuru LIS,31.5,132/11KV,BHARAT BIJLEE LTD,05621/03,2018,29-08-2018
9,4,132/11KV SS Bommakuru LIS,31.5,132/11KV,BHARAT BIJLEE LTD,5621/02,2018,08-03-2018
10,5,132/11KV SS Dharmora,10/16,132/11KV,INDO TECH TRANSFORMERS LTD,40506,2006,04-01-2008
11,5,132/11KV SS Dharmora,10/16,132/11KV,ANDREW YULE,13300,2007,14-10-2009
12,6,132/11KV SS Dubbathanda,31.5,132/11KV,TECHNICAL ASSOCIATES LTD,SP1125-2,2017,10-11-2017
13,6,132/11KV SS Dubbathanda,31.5,132/11KV,TECHNICAL ASSOCIATES LTD,SP1125-1,2017,04-12-2017
14,7,132/11KV SS Gandiramaram,31.5,132/11KV,BHARAT BIJLEE LTD,05621/01,2018,20-03-2018
15,7,132/11KV SS Gandiramaram,31.5,132/11KV,BHARAT BIJLEE LTD,5621/4,2018,18-07-2018
16,8,132/11KV SS Gudem,10/16,132/11KV,ANDREW YULE,13693,2015,18-09-2015
17,8,132/11KV SS Gudem,10/16,132/11KV,ANDREW YULE,13694,2015,13-08-2015
18,9,132/11KV SS Hathighat,50,132/11KV,BHARAT BIJLEE LTD,5619/02,2018,01-03-2019
19,9,132/11KV SS Hathighat,50,132/33KV,BHARAT BIJLEE LTD,5619/03,2018,01-03-2019
20,10,132/11KV SS Kanakapur,10/16,132/11KV,VIJAI ELECTRICALS LTD,VEI/16M/188,2017,26-11-2018
21,10,132/11KV SS Kanakapur,10/16,132/11KV,VIJAI ELECTRICALS LTD,VEI/16M/287,2018,26-11-2018
22,11,132/11KV SS Kosli,10/16,132/11KV,INDO TECH TRANSFORMERS LTD,40505,2006,21-06-2007
23,11,132/11KV SS Kosli,10/16,132/11KV,INDO TECH TRANSFORMERS LTD,40508,2006,07-08-2009
24,12,132/11KV SS Jogapur,10/16,132/11KV,VENKATESHWARA ELECT IND P LTD,VEI/16M/186,2017,30-08-2018
25,12,132/11KV SS Jogapur,10/16,132/11KV,VENKATESHWARA ELECT IND P LTD,VEI/16M/187,2017,30-08-2018
26,13,132/11KV SS Malkapet,10/16,132/11KV,VENKATESHWARA ELECT IND P LTD,VEI/16M/290,2018,27-03-2023
27,13,132/11KV SS Malkapet,10/16,132/11KV,VENKATESHWARA ELECT IND P LTD,VEI/16M/292,2018,27-03-2023
28,13,132/11KV SS Malkapet,50,132/11KV,BHARAT BIJLEE LTD,5619/5,2018,27-03-2023
29,13,132/11KV SS Malkapet,50,132/11KV,BHARAT BIJLEE LTD,5619/6,2018,27-03-2023
30,14,132/11KV SS Rangaraopally,31.5,132/11KV,ATLANTA ELECTRICALS PVT LTD,1309/20,2018,15-11-2019
31,14,132/11KV SS Rangaraopally,31.5,132/11KV,ATLANTA ELECTRICALS PVT LTD,1309/10,2018,04-12-2019
32,15,132/11KV SS Regonda(Gouravelly),50,132/11KV,BHARAT BIJLEE LTD,5619/08,2017,31-07-2022
33,15,132/11KV SS Regonda(Gouravelly),50,132/11KV,BHARAT BIJLEE LTD,5619/4,2017,31-07-2022
34,15,132/11KV SS Regonda(Gouravelly),50,132/11KV,BHARAT BIJLEE LTD,5619/7,2017,03-08-2022
35,15,132/11KV SS Regonda(Gouravelly),50,132/11KV,ECE INDUSTRIES LIMITED,S-87194,2021,28-03-2022
36,15,132/11KV SS Regonda(Gouravelly),50,132/11KV,ECE INDUSTRIES LIMITED,S-87193,2021,28-03-2022
37,16,132/11KV SS Yellampally,10/16,132/11KV,ECE INDUSTRIES LIMITED,S86261,2010,25-03-2011
38,16,132/11KV SS Yellampally,10/16,132/11KV,ECE INDUSTRIES LIMITED,S86260,2010,25-03-2011
39,17,132/33KV SS Rajavaram (RS Ghanpur),10/16,132/11KV,VENKATESHWARA ELECT IND P LTD,VEI/16M/288,2018,30-03-2022
40,17,132/33KV SS Rajavaram (RS Ghanpur),10/16,132/11KV,VENKATESHWARA ELECT IND P LTD,VEI/16M/286,2017,30-03-2022
41,17,132/33KV SS Rajavaram (RS Ghanpur),10/16,132/33KV,VENKATESHWARA ELECT IND P LTD,VEI/16M/442,2021,25-05-2022
42,18,132/33KV SS Haliya,50,132/33KV,ECE INDUSTRIES LIMITED,S-86648,2015,22-12-2015
43,18,132/33KV SS Haliya,50,132/33KV,TECHNICAL ASSOCIATES LTD,SO-0000484,2015,13-02-2016
44,19,132/33KV SS Jangapally,10/16,132/33KV,ETE LTD,10654,1990,01-08-2019
45,19,132/33KV SS Jangapally,10/16,132/33KV,APEX TRANSFORMERS LTD,T-1097B/02,2000,02-06-2019
46,19,132/33KV SS Jangapally,10/16,132/33KV,NGEF LTD,2800055570,1995,13-05-2020
47,20,132/33KV SS Achampet,50,132/33KV,EMCO,HT1531/12130,2002,03-03-2016
48,20,132/33KV SS Achampet,80,132/33KV,TRANSFORMERS & RECTIFIERS LTD,PC0101618,2021,27-12-2021
49,21,132/33KV SS Adilabad,31.5,132/33KV,INDO TECH TRANSFORMERS LTD,IT-43116,2008,03-02-2009
50,21,132/33KV SS Adilabad,31.5,132/33KV,ANDREW YULE,13374,2008,04-12-2015
51,21,132/33KV SS Adilabad,31.5,132/33KV,APEX TRANSFORMERS LTD,T-782/46013,1990,03-03-2017
52,22,132/33KV SS Aitipamula,31.5,132/33KV,BHARAT BIJLEE LTD,5333/03,2012,21-03-2013
53,22,132/33KV SS Aitipamula,80,132/33KV,TRANSFORMERS & RECTIFIERS LTD,PCO101714,2022,20-01-2023
54,23,132/33KV SS Alampur,31.5,132/33KV,APEX TRANSFORMERS LTD,T-782/46016,1991,31-10-2011
55,23,132/33KV SS Alampur,31.5,132/33KV,KRK POWER (P)LTD,PT-341,2010,12-06-2013
56,24,132/33KV SS Kolanpaka(Aleru),50,132/33KV,HEAVY ELETRICALS LTD,6001781,1968,09-12-2011
57,24,132/33KV SS Kolanpaka(Aleru),50,132/33KV,BHARAT BIJLEE LTD,4938/1,2004,19-03-2005
58,24,132/33KV SS Kolanpaka(Aleru),80,132/33KV,TRANSFORMERS & RECTIFIERS LTD,PC0101620,2020,19-11-2021
59,25,132/33KV SS Keshampet (Alwal),31.5,132/33KV,BHARAT BIJLEE LTD,4942/4,2006,07-02-2019
60,25,132/33KV SS Keshampet (Alwal),31.5,132/33KV,TOSHIBA,90164A06,2015,18-03-2016
61,25,132/33KV SS Keshampet (Alwal),31.5,132/33KV,ANDREW YULE,13376,2009,08-07-2009
62,26,132/33KV SS Amangal,50,132/33KV,TRANSFORMERS & RECTIFIERS LTD,PC0100128,2011,21-06-2013
63,26,132/33KV SS Amangal,31.5,132/33KV,TRANSFORMERS & RECTIFIERS LTD,200002-3,2006,03-03-2006
64,26,132/33KV SS Amangal,31.5,132/33KV,KIRLOSKAR ELECTRIC COMPANY LTD,95-2XM-005/01,2007,11-05-2016
65,27,132/33KV SS Amarchinta,31.5,132/33KV,TRANSFORMERS & RECTIFIERS LTD,PC0100495,2013,27-01-2016
66,27,132/33KV SS Amarchinta,50,132/33KV,ECE INDUSTRIES LIMITED,87847,2025,01-05-2025
67,28,132/33KV SS Ganeshpally(Angadikistapur),50,132/33KV,VOLTAMP TRANSFORMERS LTD,21671/3,2010,13-03-2011
68,28,132/33KV SS Ganeshpally(Angadikistapur),31.5,132/33KV,TOSHIBA,90191A04,2016,08-06-2016
69,28,132/33KV SS Ganeshpally(Angadikistapur),31.5,132/33KV,ECE INDUSTRIES LIMITED,S-86758,2018,13-01-2018
70,29,132/33KV SS Arempula,31.5,132/33KV,KIRLOSKAR ELECTRIC COMPANY LTD,012XM-009/01,2002,09-01-2019
71,29,132/33KV SS Arempula,10/16,132/33KV,VOLTAMP TRANSFORMERS LTD,8070/2,2002,10-08-2017
72,29,132/33KV SS Arempula,10/16,132/33KV,IMP POWERS LTD,3363,2000,06-10-2017
73,30,132/33KV SS Armoor,31.5,132/33KV,KANOHAR ELECTRICALS LTD,KT-31500/36,2008,27-05-2009
74,30,132/33KV SS Armoor,50,132/33KV,BHARAT BIJLEE LTD,4957/8,2007,04-01-2018
75,31,132/33KV SS Asifnagar,80,132/33KV,BHARAT BIJLEE LTD,5443/3,2015,27-08-2015
76,31,132/33KV SS Asifnagar,80,132/33KV,BHARAT BIJLEE LTD,5610/02,2018,27-01-2018
77,32,132/33KV SS Asifabad,10/16,132/33KV,NGEF LTD,2800042878,1986,25-11-2015
78,32,132/33KV SS Asifabad,10/16,132/33KV,APEX TRANSFORMERS LTD,T-888/08,1994,25-11-2015
79,33,132/33KV SS Ayyagaripally,50,132/33KV,TRANSFORMERS & RECTIFIERS LTD,PCO100290,2012,22-08-2012
80,33,132/33KV SS Ayyagaripally,50,132/33KV,ALSTOM INSTRUMENT TRANSFORMERS,B29823,2004,23-12-2004
81,34,132/33KV SS B.Gangaram bdr,50,132/33KV,IMP POWERS LTD,PT-7587,2015,13-11-2015
82,34,132/33KV SS B.Gangaram bdr,50,132/33KV,ECE INDUSTRIES LIMITED,S-86651,2015,15-02-2019
83,35,132/33KV SS Bachannapet,10/16,132/33KV,GEC ALSTOM,B-28594,1994,31-10-2019
84,35,132/33KV SS Bachannapet,10/16,132/33KV,NGEF LTD,2800049617,1989,24-12-2019
85,35,132/33KV SS Bachannapet,10/16,132/33KV,APEX TRANSFORMERS LTD,526/32547,1111,31-10-2019
86,36,132/33KV SS Balkampeta,80,132/33KV,BHARAT BIJLEE LTD,5276/2,2012,18-09-2015
87,36,132/33KV SS Balkampeta,80,132/33KV,BHARAT BIJLEE LTD,5276/1,2011,18-09-2015
88,37,132/33KV SS Bandlaguda,80,132/33KV,BHARAT BIJLEE LTD,5443/2,2015,16-10-2015
89,37,132/33KV SS Bandlaguda,80,132/33KV,VIJAI ELECTRICALS LTD,90099B01,2010,12-02-2011
90,37,132/33KV SS Bandlaguda,50,132/33KV,ECE INDUSTRIES LIMITED,87844,2025,15-05-2025
91,38,132/33KV SS Bellampalli,31.5,132/33KV,CROMPTON GREAVES LTD,T8664/1,1999,07-11-2024
92,38,132/33KV SS Bellampalli,50,132/33KV,ECE INDUSTRIES LIMITED,87842,2025,06-05-2025
93,39,132/33KV SS Bhadrachalam (Yetapaka),31.5,132/33KV,INDO TECH TRANSFORMERS LTD,IT44663,2009,18-11-2013
94,39,132/33KV SS Bhadrachalam (Yetapaka),10/16,132/33KV,IMP POWERS LTD,3366,2000,21-09-2001
95,40,132/33KV SS Bhainsa,31.5,132/33KV,APEX TRANSFORMERS LTD,T-526A&B/32525,1986,22-11-2005
96,40,132/33KV SS Bhainsa,50,132/33KV,ECE INDUSTRIES LIMITED,S-86645,2015,22-01-2015
97,41,132/33KV SS Bibinagar,80,132/33KV,TECHNICAL ASSOCIATES LTD,SO-0000473,2015,03-03-2016
98,41,132/33KV SS Bibinagar,50,132/33KV,ABB POWER PRODUCTS AND SYSTEMS,12024-001,2004,05-05-2005
99,42,132/33KV SS Bichkunda,31.5,132/33KV,TECHNICAL ASSOCIATES LTD,TA-31500/16,2010,08-10-2015
100,42,132/33KV SS Bichkunda,31.5,132/33KV,BHARAT BIJLEE LTD,5333/7,2012,11-09-2017
101,43,132/33KV SS Bhiknoor,31.5,132/33KV,BHEL,2001973,1983,19-03-2016
102,43,132/33KV SS Bhiknoor,31.5,132/33KV,BHARAT BIJLEE LTD,4488/8,2000,26-07-2023
103,44,132/33KV SS Bodhan,31.5,132/33KV,VIJAI ELECTRICALS LTD,90083A02,2010,04-05-2016
104,44,132/33KV SS Bodhan,50,132/33KV,ECE INDUSTRIES LIMITED,S-86816,2017,12-12-2017
105,45,132/33KV SS Bollaram,50,132/33KV,BHARAT BIJLEE LTD,5469/15,2015,23-04-2025
106,45,132/33KV SS Bollaram,31.5,132/33KV,EMCO,HT 1390/11929,1999,09-07-2011
107,45,132/33KV SS Bollaram,31.5,132/33KV,EMCO,1332/11604,1995,09-06-2004
108,45,132/33KV SS Bollaram,50,132/33KV,BHARAT BIJLEE LTD,5131/2,2009,24-01-2010
109,45,132/33KV SS Bollaram,80,132/33KV,BHARAT BIJLEE LTD,5610/06,2018,28-06-2018
110,46,132/33KV SS Borapatla,10/16,132/33KV,INDO TECH TRANSFORMERS LTD,36093,2004,06-12-2017
111,46,132/33KV SS Borapatla,31.5,132/33KV,ECE INDUSTRIES LIMITED,S-86751,2017,30-10-2017
112,46,132/33KV SS Borapatla,10/16,132/33KV,ANDREW YULE,13169,2004,25-05-2025
113,47,132/33KV SS Burugupally,50,132/33KV,APEX TRANSFORMERS LTD,814B/1,1991,09-12-2025
114,47,132/33KV SS Burugupally,31.5,132/33KV,ECE INDUSTRIES LIMITED,S-86772,2017,15-11-2017
115,48,132/33KV SS Chandrugonda,10/16,132/33KV,ANDREW YULE,12868,2000,02-11-2019
116,48,132/33KV SS Chandrugonda,31.5,132/33KV,PETE - HAMMOND POWER SOLUTIONS,20225,2015,06-12-2019
117,49,132/33KV SS Chandulapur,31.5,132/33KV,ECE INDUSTRIES LIMITED,S-86755,2017,06-10-2017
118,49,132/33KV SS Chandulapur,31.5,132/33KV,ECE INDUSTRIES LIMITED,S-86765,2017,19-02-2018
119,50,132/33KV SS Chelpur,31.5,132/33KV,APEX TRANSFORMERS LTD,T-1087/07,1999,25-09-2003
120,50,132/33KV SS Chelpur,50,132/33KV,TECHNICAL ASSOCIATES LTD,SO-0000491,2016,28-04-2016
121,51,132/33KV SS Chennur,31.5,132/33KV,TRANSFORMERS & RECTIFIERS LTD,200002/7,2006,01-03-2016
122,51,132/33KV SS Chennur,31.5,132/33KV,TOSHIBA,90164A11,2016,23-03-2016
123,51,132/33KV SS Chennur,31.5,132/33KV,ETE LTD,12824,2001,20-06-2001
124,51,132/33KV SS Chennur,50,132/33KV,TRANSFORMERS & RECTIFIERS LTD,PC0 101378,2018,22-05-2025
125,52,132/33KV SS Chilkalguda,50,132/33KV,VOLTAMP TRANSFORMERS LTD,21671/6,2010,23-02-2011
126,52,132/33KV SS Chilkalguda,50,132/33KV,BHARAT BIJLEE LTD,5215/2,2010,09-03-2011
127,53,132/33KV SS Chinna Shankarampet,50,132/33KV,GE T&D INDIA LIMITED,B-25136,1983,13-01-2024
128,53,132/33KV SS Chinna Shankarampet,31.5,132/33KV,ECE INDUSTRIES LIMITED,86784,2018,17-06-2025
129,54,132/33KV SS Peddadagada(Chinnamarror),31.5,132/33KV,TRANSFORMERS & RECTIFIERS LTD,210103,2008,14-12-2015
130,54,132/33KV SS Peddadagada(Chinnamarror),31.5,132/33KV,TRANSFORMERS & RECTIFIERS LTD,200127,2007,28-12-2015
131,55,132/33KV SS Chintal,50,132/33KV,VENKATESHWARA ELECT IND P LTD,VEI/50M/09,2011,22-02-2013
132,55,132/33KV SS Chintal,80,132/33KV,INDO TECH TRANSFORMERS LTD,ITK-55863,2023,09-09-2023
133,56,132/33KV SS Chippalapally,31.5,132/33KV,TRANSFORMERS & RECTIFIERS LTD,220021,2008,09-01-2018
134,56,132/33KV SS Chippalapally,10/16,132/33KV,ANDREW YULE,13065,2001,21-12-2015
135,56,132/33KV SS Chippalapally,10/16,132/33KV,NGEF LTD,2800053076,1992,22-12-2023
136,57,132/33KV SS Chityala,50,132/33KV,IMP POWERS LTD,PT - 7595,2015,17-02-2016
137,57,132/33KV SS Chityala,50,132/33KV,BHARAT BIJLEE LTD,5469 / 9,2015,31-12-2015
138,58,132/33KV SS Choutuppal,50,132/33KV,ECE INDUSTRIES LIMITED,S-86650,2015,20-01-2016
139,58,132/33KV SS Choutuppal,50,132/33KV,ECE INDUSTRIES LIMITED,S-86652,2015,29-02-2016
140,58,132/33KV SS Choutuppal,50,132/33KV,IMP POWERS LTD,PT-7588,2015,15-12-2015
141,59,132/33KV SS Dasnagar,50,132/33KV,TECHNICAL ASSOCIATES LTD,SO-0000493,2016,21-07-2016
142,59,132/33KV SS Dasnagar,80,132/33KV,INDO TECH TRANSFORMERS LTD,ITK-56605/6239,2025,05-09-2025
143,60,132/33KV SS Dharmapuri,31.5,132/33KV,EMCO,1462/11966,2000,08-06-2015
144,60,132/33KV SS Dharmapuri,31.5,132/33KV,TOSHIBA,90191A05,2016,28-06-2016
145,60,132/33KV SS Dharmapuri,10/16,132/33KV,NGEF LTD,280005-3077,1992,24-01-2023
146,61,132/33KV SS Dharmaram,31.5,132/33KV,TOSHIBA,90164A08,2015,17-11-2015
147,61,132/33KV SS Dharmaram,31.5,132/33KV,BHEL,2037959,2013,15-12-2014
148,61,132/33KV SS Dharmaram,10/16,132/33KV,NGEF LTD,280003-3097,1979,19-12-2007
149,62,132/33KV SS Dharmasagar,31.5,132/33KV,IMP POWERS LTD,PT-7248,2014,20-06-2014
150,62,132/33KV SS Dharmasagar,31.5,132/33KV,TRANSFORMERS & RECTIFIERS LTD,220219,2010,12-03-2016
151,63,132/33KV SS Disincherla,50,132/33KV,BHARAT BIJLEE LTD,5469/39,2015,06-03-2016
152,63,132/33KV SS Disincherla,50,132/33KV,BHARAT BIJLEE LTD,5469/2,2015,16-10-2015
153,64,132/33KV SS Domakonda,50,132/33KV,IMP POWERS LTD,PT-7583,2015,06-11-2015
154,64,132/33KV SS Domakonda,50,132/33KV,BHARAT BIJLEE LTD,5469/43,2016,08-02-2022
155,65,132/33KV SS Dontanpally,50,132/33KV,TRANSFORMERS & RECTIFIERS LTD,PC0101367,2018,12-09-2018
156,65,132/33KV SS Dontanpally,80,132/33KV,TRANSFORMERS & RECTIFIERS LTD,PC0101383,2018,15-03-2021
157,66,132/33KV SS Dornakal,31.5,132/33KV,APEX TRANSFORMERS LTD,T-996/01,1997,20-12-2025
158,66,132/33KV SS Dornakal,10/16,132/33KV,ANDREW YULE,13180,2004,02-09-2016
159,67,132/33KV SS Doulthabad,31.5,132/33KV,INDO TECH TRANSFORMERS LTD,IT-43119,2008,09-08-2023
160,67,132/33KV SS Doulthabad,31.5,132/33KV,ECE INDUSTRIES LIMITED,S-86764,2017,16-03-2018
161,68,132/33KV SS Duddeda,31.5,132/33KV,TOSHIBA,90198A/01,2016,02-09-2016
162,68,132/33KV SS Duddeda,31.5,132/33KV,ECE INDUSTRIES LIMITED,S-86760,2017,22-12-2017
163,69,132/33KV SS E City,80,132/33KV,INDO TECH TRANSFORMERS LTD,ITK-55861/5913,2023,16-09-2023
164,69,132/33KV SS E City,80,132/33KV,INDO TECH TRANSFORMERS LTD,ITK-56526/6195,2025,06-08-2025
165,70,132/33KV SS Ellanthakunta,31.5,132/33KV,APEX TRANSFORMERS LTD,T-861/01,1993,30-06-2011
166,70,132/33KV SS Ellanthakunta,31.5,132/33KV,HEAVY ELETRICALS LTD,6001658,1968,29-02-2016
167,71,132/33KV SS Fever Hospital,80,132/33KV,BHARAT BIJLEE LTD,5276/03,2011,07-01-2017
168,71,132/33KV SS Fever Hospital,80,132/33KV,TRANSFORMERS & RECTIFIERS LTD,PC-0101386,2018,21-09-2018
169,72,132/33KV SS Gachibowli,80,132/33KV,TRANSFORMERS & RECTIFIERS LTD,PC0101616,2020,22-09-2021
170,72,132/33KV SS Gachibowli,80,132/33KV,TRANSFORMERS & RECTIFIERS LTD,PC0101617,2020,22-09-2021
171,73,132/33KV SS Gadwal,50,132/33KV,CROMPTON GREAVES LTD,BH8890/2,2002,24-05-2003
172,73,132/33KV SS Gadwal,80,132/33KV,BHARAT BIJLEE LTD,5486/4,2015,04-04-2016
173,74,132/33KV SS Gajwel,80,132/33KV,BHARAT BIJLEE LTD,5486/3,2015,16-03-2016
174,74,132/33KV SS Gajwel,80,132/33KV,BHARAT BIJLEE LTD,5443/4,2015,24-06-2015
175,75,132/33KV SS Yellareddy (Gadimaisanpet),10/16,132/33KV,APEX TRANSFORMERS LTD,T-1050/01,1998,30-07-2018
176,75,132/33KV SS Yellareddy (Gadimaisanpet),10/16,132/33KV,NGEF LTD,2800051785,1991,06-10-2018
177,75,132/33KV SS Yellareddy (Gadimaisanpet),10/16,132/33KV,BHARAT BIJLEE LTD,1957/2,1979,18-10-2022
178,76,132/33KV SS Ganganpally (Alwalpad),50,132/33KV,TECHNICAL ASSOCIATES LTD,SO-0000495,2016,18-08-2016
179,76,132/33KV SS Ganganpally (Alwalpad),31.5,132/33KV,ECE INDUSTRIES LIMITED,S-86780,2018,23-08-2018
180,77,132/33KV SS Geesugonda,31.5,132/33KV,IMP POWERS LTD,PT-7240,2013,27-01-2014
181,77,132/33KV SS Geesugonda,31.5,132/33KV,IMP POWERS LTD,PT-7249,2013,27-01-2014
182,77,132/33KV SS Geesugonda,31.5,132/33KV,NGEF LTD,2800055737,1996,11-04-2016
183,78,132/33KV SS Ghanpur,50,132/33KV,VENKATESHWARA ELECT IND P LTD,VEI/50M/06,2011,26-11-2017
184,78,132/33KV SS Ghanpur,50,132/33KV,TRANSFORMERS & RECTIFIERS LTD,PC0101375,2018,04-08-2018
185,79,132/33KV SS Godur,50,132/33KV,IMP POWERS LTD,PT-7584,2015,08-12-2015
186,79,132/33KV SS Godur,50,132/33KV,BHARAT BIJLEE LTD,5469/31,2015,22-07-2023
187,80,132/33KV SS Guduru,10/16,132/33KV,INDO TECH TRANSFORMERS LTD,IT-37640,2005,29-03-2007
188,80,132/33KV SS Guduru,31.5,132/33KV,TOSHIBA,90198A03,2016,02-09-2016
189,81,132/33KV SS Gummadidala,80,132/33KV,TECHNICAL ASSOCIATES LTD,SO-0000477,2016,28-04-2016
190,81,132/33KV SS Gummadidala,50,132/33KV,VOLTAMP TRANSFORMERS LTD,21671/13,2011,07-06-2011
191,82,132/33KV SS Gunrock,80,132/33KV,BHARAT BIJLEE LTD,5262/2,2011,10-02-2012
192,82,132/33KV SS Gunrock,80,132/33KV,TRANSFORMERS & RECTIFIERS LTD,220082,2009,22-08-2009
193,82,132/33KV SS Gunrock,50,132/33KV,BHARAT BIJLEE LTD,4957/1,2006,28-03-2007
194,82,132/33KV SS Gunrock,50,132/33KV,BHARAT BIJLEE LTD,4957/2,2007,09-07-2018
195,83,132/33KV SS Guntipally,31.5,132/33KV,BHARAT BIJLEE LTD,5333/6,2013,30-12-2014
196,83,132/33KV SS Guntipally,31.5,132/33KV,TRANSFORMERS & RECTIFIERS LTD,200126,2007,10-05-2016
197,83,132/33KV SS Guntipally,10/16,132/33KV,INDO TECH TRANSFORMERS LTD,36091,2004,23-08-2023
198,84,132/33KV SS Habsipur,50,132/33KV,BHARAT BIJLEE LTD,4957/10,2007,24-11-2018
199,85,132/33KV SS Hussainsagar,80,132/33KV,AREVA T &D INDIA PVT LTD,T-6682/P-30135,2007,22-02-2008
200,85,132/33KV SS Hussainsagar,50,132/33KV,TECHNICAL ASSOCIATES LTD,SP-1131-2,2020,11-01-2025
201,86,132/33KV SS Husnabad,31.5,132/33KV,TRANSFORMERS & RECTIFIERS LTD,200122,2007,05-02-2007
202,86,132/33KV SS Husnabad,31.5,132/33KV,APEX TRANSFORMERS LTD,T-526A&B/32527,1982,10-03-1997
203,86,132/33KV SS Husnabad,50,132/33KV,TRANSFORMERS & RECTIFIERS LTD,PC0101372,2018,25-08-2018
204,87,132/33KV SS Huzurabad,31.5,132/33KV,KANOHAR ELECTRICALS LTD,KT-31500/5,2006,02-06-2007
205,87,132/33KV SS Huzurabad,50,132/33KV,BHARAT BIJLEE LTD,5469/22,2015,30-12-2015
206,88,132/33KV SS Ibrahimpatnam,50,132/33KV,BHARAT BIJLEE LTD,4957/12,2007,09-12-2008
207,88,132/33KV SS Ibrahimpatnam,50,132/33KV,TRANSFORMERS & RECTIFIERS LTD,PC0100295,2012,02-02-2013
208,89,132/33KV SS Ichoda,31.5,132/33KV,EMCO,1252/11339,1991,08-09-2025
209,89,132/33KV SS Ichoda,10/16,132/33KV,ANDREW YULE,13057,2001,18-11-2024
210,89,132/33KV SS Ichoda,10/16,132/33KV,INDO TECH TRANSFORMERS LTD,IT-37639,2005,17-07-2017
211,90,132/33KV SS IDPL,80,132/33KV,BHARAT BIJLEE LTD,5486/1,2015,20-11-2020
212,90,132/33KV SS IDPL,50,132/33KV,BHARAT BIJLEE LTD,5131/3,2009,13-11-2009
213,91,132/33KV SS Ieeza,31.5,132/33KV,ALSTOM INSTRUMENT TRANSFORMERS,B-29549,1999,06-09-2012
214,91,132/33KV SS Ieeza,31.5,132/33KV,BHEL,2037958,2013,25-03-2015
215,91,132/33KV SS Ieeza,50,132/33KV,TRANSFORMERS & RECTIFIERS LTD,PC0101380,2018,05-10-2024
216,92,132/33KV SS Imlibun,80,132/33KV,BHARAT BIJLEE LTD,5262/3,2011,03-01-2012
217,92,132/33KV SS Imlibun,80,132/33KV,AREVA T &D INDIA PVT LTD,T-6682/B-30136,2007,07-01-2009
218,92,132/33KV SS Imlibun,80,132/33KV,AREVA T &D INDIA PVT LTD,T-6682/B-30133,2007,15-12-2007
219,93,132/33KV SS Inavole,31.5,132/33KV,BHARAT BIJLEE LTD,5333/20,2012,08-08-2018
220,93,132/33KV SS Inavole,31.5,132/33KV,TRANSFORMERS & RECTIFIERS LTD,1571,2005,08-01-2019
221,94,132/33KV SS Jadcherla,50,132/33KV,BHARAT BIJLEE LTD,5469/20,2015,28-05-2022
222,94,132/33KV SS Jadcherla,50,132/33KV,BHARAT BIJLEE LTD,5215/3,2010,07-01-2019
223,94,132/33KV SS Jadcherla,31.5,132/33KV,BHARAT BIJLEE LTD,5333/7,2012,02-04-2014
224,94,132/33KV SS Jadcherla,50,132/33KV,ELECTRICAL CONTROL EQUIPMENT,87846,2025,07-04-2025
225,95,132/33KV SS Jagitial,31.5,132/33KV,TOSHIBA,90164A09,2015,07-01-2025
226,95,132/33KV SS Jagitial,50,132/33KV,EMCO,HT1461/11964N1,2000,15-05-2000
227,95,132/33KV SS Jagitial,50,132/33KV,TRANSFORMERS & ELECTRICAL LTD,PC0101745,2023,18-11-2023
228,96,132/33KV SS Jakora,50,132/33KV,BHARAT BIJLEE LTD,4839/3,2004,18-01-2005
229,96,132/33KV SS Jakora,50,132/33KV,IMP POWERS LTD,PT-7585,2015,19-11-2015
230,97,132/33KV SS Jammikunta,50,132/33KV,BHARAT BIJLEE LTD,5469/17,2015,19-12-2015
231,97,132/33KV SS Jammikunta,31.5,132/33KV,ETE LTD,11193,1992,28-03-1993
232,98,132/33KV SS Jogipet,50,132/33KV,BHARAT BIJLEE LTD,T-05469/41,2015,14-03-2016
233,98,132/33KV SS Jogipet,50,132/33KV,IMP POWERS LTD,PT-7582,2015,13-02-2016
234,99,132/33/11KV SS Jubilee Hills,80,132/33KV,AREVA T &D INDIA PVT LTD,T6682/B30134,2007,06-10-2007
235,99,132/33/11KV SS Jubilee Hills,80,132/33KV,PEL LTD,W01-001,2012,15-09-2012
236,99,132/33/11KV SS Jubilee Hills,50,132/33KV,EMCO,HT1461/11963,1999,19-07-2010
237,99,132/33/11KV SS Jubilee Hills,50,132/33KV,TRANSFORMERS & RECTIFIERS LTD,PC0101366,2018,18-06-2018
238,100,132/33KV SS Kachapur,10/16,132/33KV,ETE LTD,11392,1992,04-04-2019
239,100,132/33KV SS Kachapur,10/16,132/33KV,VOLTAMP TRANSFORMERS LTD,8070/1,2002,04-05-2018
240,100,132/33KV SS Kachapur,10/16,132/33KV,APEX TRANSFORMERS LTD,T-1097B/03,2000,15-10-2018
241,101,132/33KV SS Khaitalapur,80,132/33KV,TRANSFORMERS & RECTIFIERS LTD,PC0101619,2020,25-08-2021
242,101,132/33KV SS Khaitalapur,80,132/33KV,TRANSFORMERS & RECTIFIERS LTD,PC0101716,2020,01-03-2023
243,102,132/33KV SS Kalwakurthy,50,132/33KV,BHARAT BIJLEE LTD,5131/4,2009,12-01-2010
244,102,132/33KV SS Kalwakurthy,50,132/33KV,BHARAT BIJLEE LTD,4957/4,2007,21-05-2007
245,102,132/33KV SS Kalwakurthy,50,132/33KV,TRANSFORMERS & RECTIFIERS LTD,PC0101736,2023,24-02-2024
246,103,132/33KV SS Kalvasrirampur,31.5,132/33KV,TOSHIBA,90164A10,2015,18-01-2016
247,103,132/33KV SS Kalvasrirampur,50,132/33KV,TOSHIBA,90175A06,2015,11-01-2016
248,104,132/33KV SS Kamalapur(Mulugu),31.5,132/33KV,APEX TRANSFORMERS LTD,1087/04,1999,11-01-2016
249,104,132/33KV SS Kamalapur(Mulugu),31.5,132/33KV,BHARAT BIJLEE LTD,5333/13,2012,30-12-2013
250,105,132/33KV SS Kamalapur(WU),31.5,132/33KV,TOSHIBA,90191A08,2016,14-07-2016
251,105,132/33KV SS Kamalapur(WU),31.5,132/33KV,ETE LTD,11194,1993,28-03-2016
252,106,132/33KV SS Kamanpur,10/16,132/33KV,ANDREW YULE,12865,2000,10-10-2016
253,106,132/33KV SS Kamanpur,10/16,132/33KV,INDO TECH TRANSFORMERS LTD,IT-36098,2004,28-10-2016
254,107,132/33KV SS Kamareddy,31.5,132/33KV,EMCO,1236/11281,1989,02-12-1989
255,107,132/33KV SS Kamareddy,50,132/33KV,ABB POWER PRODUCTS AND SYSTEMS,12014/002,2002,17-09-2002
256,108,132/33KV SS Kanagal,50,132/33KV,ECE INDUSTRIES LIMITED,S-86647,2015,30-11-2015
257,108,132/33KV SS Kanagal,50,132/33KV,BHARAT BIJLEE LTD,5469/28,2015,21-01-2016
258,109,132/33KV SS Kanakamamidi,80,132/33KV,TRANSFORMERS & RECTIFIERS LTD,PCO101387,2018,15-12-2018
259,110,132/33KV SS Kandi,50,132/33KV,BHEL,2001965,1983,19-02-1986
260,110,132/33KV SS Kandi,50,132/33KV,NGEF LTD,680000-0042,1987,22-02-1989
261,110,132/33KV SS Kandi,50,132/33KV,BHARAT BIJLEE LTD,5469/24,2015,08-01-2016
262,111,132/33KV SS Kandukur,10/16,132/33KV,INDO TECH TRANSFORMERS LTD,IT37636,2005,25-11-2016
263,112,132/33KV SS Karimnagar,50,132/33KV,APEX TRANSFORMERS LTD,T-956A/01,1996,16-02-1997
264,112,132/33KV SS Karimnagar,31.5,132/33KV,EMCO,1252/11395,1991,17-09-1993
265,112,132/33KV SS Karimnagar,31.5,132/33KV,INDO TECH TRANSFORMERS LTD,IT-43114,2008,23-02-2021
266,113,132/33KV SS Karimnagar Water Works,31.5,132/33KV,BHEL,2037964,2013,06-09-2014
267,113,132/33KV SS Karimnagar Water Works,31.5,132/33KV,TOSHIBA,90164A01,2014,11-05-2015
268,114,132/33KV SS Kataram,50,132/33KV,IMP POWERS LTD,PT-7592,2015,20-01-2016
269,114,132/33KV SS Kataram,50,132/33KV,EMCO,HT1531/12129,2002,12-05-2023
270,115,132/33KV SS Khatalapur,31.5,132/33KV,BHARAT BIJLEE LTD,3797/3,1994,30-01-2019
271,115,132/33KV SS Khatalapur,31.5,132/33KV,BHEL,2037692,2013,11-12-2018
272,115,132/33KV SS Khatalapur,10/16,132/33KV,APEX TRANSFORMERS LTD,T-793A/46069,1991,19-02-2024
273,116,132/33KV SS Khammam,50,132/33KV,BHEL,2014629,2002,03-08-2012
274,116,132/33KV SS Khammam,50,132/33KV,APEX TRANSFORMERS LTD,T-1097-A/2,2000,27-02-2002
275,116,132/33KV SS Khammam,50,132/33KV,IMP POWERS LTD,PT-7586,2015,04-02-2016
276,117,132/33KV SS Khanapur,31.5,132/33KV,TRANSFORMERS & RECTIFIERS LTD,210101,2008,30-03-2008
277,117,132/33KV SS Khanapur,31.5,132/33KV,TOSHIBA,90191A07,2016,10-09-2016
278,118,132/33KV SS Khila Ghanapur,31.5,132/33KV,IMP POWERS LTD,PT7245,2014,08-12-2014
279,118,132/33KV SS Khila Ghanapur,31.5,132/33KV,KANOHAR ELECTRICALS LTD,KT-31500/34,2008,26-11-2015
280,119,132/33KV SS Kodada,50,132/33KV,ABB POWER PRODUCTS AND SYSTEMS,12024003,2004,23-04-2024
281,119,132/33KV SS Kodada,50,132/33KV,TRANSFORMERS & RECTIFIERS LTD,PC0101744,2023,28-03-2024
282,120,132/33KV SS Kodangal,31.5,132/33KV,TRANSFORMERS & RECTIFIERS LTD,200129,2007,29-10-2011
283,120,132/33KV SS Kodangal,31.5,132/33KV,KANOHAR ELECTRICALS LTD,KT-31500/38,2008,31-03-2016
284,120,132/33KV SS Kodangal,31.5,132/33KV,ANDREW YULE,13338,2008,09-01-2008
285,121,132/33KV SS Kodandapur,31.5,132/33KV,ECE INDUSTRIES LIMITED,86771,2017,05-07-2019
286,121,132/33KV SS Kodandapur,31.5,132/33KV,ECE INDUSTRIES LIMITED,86786,2018,25-03-2019
287,122,132/33KV SS K.M.Pally,50,132/33KV,TECHNICAL ASSOCIATES LTD,S00000489,2016,01-06-2016
288,122,132/33KV SS K.M.Pally,50,132/33KV,GE T&D INDIA LIMITED,B-25137,1983,18-03-2004
289,122,132/33KV SS K.M.Pally,31.5,132/33KV,ECE INDUSTRIES LIMITED,S - 86770,2017,04-04-2018
290,123,132/33KV SS Korutla,50,132/33KV,IMP POWERS LTD,PT-7600,2016,05-02-2021
291,123,132/33KV SS Korutla,31.5,132/33KV,KANOHAR ELECTRICALS LTD,KT-31500/4,2006,24-12-2018
292,124,132/33KV SS Kotagiri,10/16,132/33KV,APEX TRANSFORMERS LTD,T-932/05,1996,11-05-2022
293,124,132/33KV SS Kotagiri,10/16,132/33KV,APEX TRANSFORMERS LTD,T-932/06,1996,20-09-2021
294,124,132/33KV SS Kotagiri,10/16,132/33KV,ANDREW YULE,12512,1996,29-09-2022
295,125,132/33KV SS Kothur,50,132/33KV,IMP POWERS LTD,PT-7590,2015,28-01-2016
296,125,132/33KV SS Kothur,50,132/33KV,CROMPTON GREAVES LTD,BH9039/2,2004,31-12-2004
297,125,132/33KV SS Kothur,80,132/33KV,INDO TECH TRANSFORMERS LTD,ITK-55869,2023,29-08-2024
298,126,132/33KV SS Kowdipally,50,132/33KV,TOSHIBA,90175A05,2015,03-02-2016
299,126,132/33KV SS Kowdipally,50,132/33KV,ECE INDUSTRIES LIMITED,S-87952,2025,14-10-2025
300,127,132/33KV SS Kusumanchi,50,132/33KV,IMP POWERS LTD,PT-7594,2015,19-02-2016
301,127,132/33KV SS Kusumanchi,50,132/33KV,BHARAT BIJLEE LTD,5469/4,2015,17-11-2015
302,127,132/33KV SS Kusumanchi,50,132/33KV,EMCO,HT 1407/11925,1999,05-02-2018
303,128,132/33KV SS Lingampet,31.5,132/33KV,IMP POWERS LTD,PT-7253,2014,28-02-2014
304,128,132/33KV SS Lingampet,50,132/33KV,TRANSFORMERS & RECTIFIERS LTD,PC0101750,2024,26-06-2024
305,129,132/33KV SS Luxettipet,31.5,132/33KV,TOSHIBA,90164A03,2015,17-11-2014
306,129,132/33KV SS Luxettipet,50,132/33KV,TRANSFORMERS & RECTIFIERS LTD,PC0101729,2023,24-05-2023
307,130,132/33KV SS Maddur,50,132/33KV,APEX TRANSFORMERS LTD,T-1097A/01,2000,07-04-2012
308,130,132/33KV SS Maddur,31.5,132/33KV,ANDREW YULE,13381,2009,18-04-2016
309,130,132/33KV SS Maddur,31.5,132/33KV,TECHNICAL ASSOCIATES LTD,TA-31500-10,2010,21-01-2011
310,131,132/33KV SS Madhapur,80,132/33KV,VIJAI ELECTRICALS LTD,90099B3,2011,03-10-2011
311,131,132/33KV SS Madhapur,80,132/33KV,INDO TECH TRANSFORMERS LTD,ITK-55860,2023,26-08-2023
312,131,132/33KV SS Madhapur,80,132/33KV,INDO TECH TRANSFORMERS LTD,ITK-55865,2023,26-09-2023
313,132,132/33KV SS Madhira,31.5,132/33KV,APEX TRANSFORMERS LTD,T-797/46082,1991,23-07-2018
314,132,132/33KV SS Madhira,31.5,132/33KV,BHARAT BIJLEE LTD,4942/3,2006,31-12-2015
315,133,132/33KV SS Madgulapally,80,132/33KV,TECHNICAL ASSOCIATES LTD,SO-0000472,2015,29-02-2016
316,133,132/33KV SS Madgulapally,50,132/33KV,IMP POWERS LTD,PTR-II-PT-7602,2016,04-04-2016
317,134,132/33KV SS Mahabubnagar,80,132/33KV,IMP POWERS LTD,PT-7608,2015,14-04-2016
318,134,132/33KV SS Mahabubnagar,50,132/33KV,EMCO,HT.1461/11965,2000,17-11-2000
319,134,132/33KV SS Mahabubnagar,50,132/33KV,APEX TRANSFORMERS LTD,T-1009/04,1997,09-03-1998
320,135,132/33KV SS MD Pally(Mylardevpally),50,132/33KV,IMP POWERS LTD,PT-7923,2017,25-09-2017
321,135,132/33KV SS MD Pally(Mylardevpally),50,132/33KV,TRANSFORMERS & RECTIFIERS LTD,PC0101368,2018,06-06-2018
322,135,132/33KV SS MD Pally(Mylardevpally),80,132/33KV,TRANSFORMERS & RECTIFIERS LTD,PC0101621,2020,24-12-2021
323,136,132/33KV SS Makthal,31.5,132/33KV,EMCO,HT1462/11967,2000,26-08-2000
324,136,132/33KV SS Makthal,50,132/33KV,TRANSFORMERS & RECTIFIERS LTD,PC0100124,2011,14-07-2011
325,136,132/33KV SS Makthal,31.5,132/33KV,TRANSFORMERS & RECTIFIERS LTD,200002/7,2006,29-06-2016
326,137,132/33KV SS Malkaram,80,132/33KV,TRANSFORMERS & RECTIFIERS LTD,220094,2009,28-12-2009
327,137,132/33KV SS Malkaram,80,132/33KV,IMP POWERS LTD,PT-7606,2015,25-01-2016
328,138,132/33KV SS Mallaram,31.5,132/33KV,BHARAT BIJLEE LTD,5333/19,2012,23-12-2013
329,138,132/33KV SS Mallaram,50,132/33KV,APEX TRANSFORMERS LTD,T-956A/02,1996,09-01-2018
330,139,132/33KV SS Mamidipally,50,132/33KV,APEX TRANSFORMERS LTD,1086/01,1999,31-03-2016
331,139,132/33KV SS Mamidipally,31.5,132/33KV,TOSHIBA,90191AO3,2016,20-05-2016
332,139,132/33KV SS Mamidipally,50,132/33KV,TRANSFORMERS & RECTIFIERS LTD,PC0101749,2024,10-05-2024
333,140,132/33KV SS Manakondur,31.5,132/33KV,TOSHIBA,90164A04,2015,19-06-2015
334,140,132/33KV SS Manakondur,50,132/33KV,ECE INDUSTRIES LIMITED,S-86817,2017,18-12-2017
335,141,132/33KV SS Mancherial,50,132/33KV,BHARAT BIJLEE LTD,5496/26,2015,30-01-2016
336,141,132/33KV SS Mancherial,31.5,132/33KV,ECE INDUSTRIES LIMITED,S-86774,2017,30-12-2017
337,142,132/33KV SS Manoharabad,50,132/33KV,VOLTAMP TRANSFORMERS LTD,21671/2,2010,16-06-2011
338,142,132/33KV SS Manoharabad,50,132/33KV,TRANSFORMERS & RECTIFIERS LTD,PC0101365,2018,16-07-2018
339,142,132/33KV SS Manoharabad,50,132/33KV,TRANSFORMERS & RECTIFIERS LTD,PC0101742,2023,26-09-2023
340,143,132/33KV SS Manthani,50,132/33KV,BHARAT BIJLEE LTD,5469/14,2015,28-11-2015
341,143,132/33KV SS Manthani,31.5,132/33KV,TECHNICAL ASSOCIATES LTD,TA31500-15,2010,25-02-2016
342,144,132/33KV SS Marikal,31.5,132/33KV,TECHNICAL ASSOCIATES LTD,TA 31500/13,2010,31-01-2011
343,144,132/33KV SS Marikal,31.5,132/33KV,TOSHIBA,90191A02,2016,13-04-2016
344,145,132/33KV SS Marriguda,50,132/33KV,BHARAT BIJLEE LTD,3630/1,1992,27-01-2024
345,145,132/33KV SS Marriguda,31.5,132/33KV,ECE INDUSTRIES LIMITED,S-86777,2018,13-03-2023
346,146,132/33KV SS Mattampally,50,132/33KV,TECHNICAL ASSOCIATES LTD,SO-0000488,2016,30-03-2016
347,146,132/33KV SS Mattampally,50,132/33KV,BHARAT BIJLEE LTD,5469/16,2015,27-11-2015
348,147,132/33KV SS Medak,50,132/33KV,IMP POWERS LTD,PT-7498,2016,11-04-2016
349,147,132/33KV SS Medak,50,132/33KV,BHARAT BIJLEE LTD,T/05469/05,2015,06-02-2016
350,147,132/33KV SS Medak,31.5,132/33KV,ECE INDUSTRIES LIMITED,S-86783,2018,15-02-2025
351,148,132/33KV SS Medchal,80,132/33KV,TECHNICAL ASSOCIATES LTD,SO-0000483,2016,09-01-2023
352,148,132/33KV SS Medchal,50,132/33KV,TRANSFORMERS & RECTIFIERS LTD,PC0101751,2024,03-07-2024
353,148,132/33KV SS Medchal,80,132/33KV,INDO TECH TRANSFORMERS LTD,ITK-56527/6195,2025,30-07-2025
354,149,132/33KV SS Midjil,31.5,132/33KV,BHARAT BIJLEE LTD,5333/22,2012,05-06-2013
355,149,132/33KV SS Midjil,31.5,132/33KV,BHARAT BIJLEE LTD,5333/8,2012,23-12-2015
356,150,132/33KV SS Moosarambagh,80,132/33KV,BHARAT BIJLEE LTD,5276/5,2012,25-10-2016
357,150,132/33KV SS Moosarambagh,80,132/33KV,BHARAT BIJLEE LTD,5276/7,2012,29-09-2016
358,151,132/33KV SS Morthad,31.5,132/33KV,APEX TRANSFORMERS LTD,T-782/46014,1990,18-02-2006
359,151,132/33KV SS Morthad,50,132/33KV,BHARAT BIJLEE LTD,5469/23,2015,27-12-2017
360,152,132/33KV SS Mothkur,50,132/33KV,BHARAT BIJLEE LTD,4839/2,2004,28-02-2005
361,152,132/33KV SS Mothkur,50,132/33KV,BHARAT BIJLEE LTD,5469/33,2015,05-02-2016
362,153,132/33KV SS Mudhole,31.5,132/33KV,APEX TRANSFORMERS LTD,T-929/07,1995,09-06-2023
363,153,132/33KV SS Mudhole,10/16,132/33KV,ANDREW YULE,13181,2004,23-10-2013
364,154,132/33KV SS Mulkanoor,31.5,132/33KV,EMCO,1271/11405,1992,31-12-2018
365,154,132/33KV SS Mulkanoor,31.5,132/33KV,BHEL,2037955,2013,25-02-2016
366,155,132/33KV SS Mulugu,31.5,132/33KV,APEX TRANSFORMERS LTD,T-861/03,1993,09-11-2015
367,155,132/33KV SS Mulugu,31.5,132/33KV,TECHNICAL ASSOCIATES LTD,TA 31500.12,2010,01-01-2016
368,155,132/33KV SS Mulugu,31.5,132/33KV,BHARAT BIJLEE LTD,4942/6,2006,07-04-2016
369,156,132/33KV SS Munagala,31.5,132/33KV,EMCO,HT1361/11673,1996,21-12-2021
370,156,132/33KV SS Munagala,31.5,132/33KV,ECE INDUSTRIES LIMITED,S-86785,2018,13-09-2021
371,156,132/33KV SS Munagala,50,132/33KV,TRANSFORMERS & RECTIFIERS LTD,PC0101733,2023,26-05-2023
372,157,132/33KV SS Munugodu,31.5,132/33KV,BHARAT BIJLEE LTD,5333/12,2012,10-11-2023
373,157,132/33KV SS Munugodu,31.5,132/33KV,ECE INDUSTRIES LIMITED,S86752,2016,05-10-2017
374,158,132/33KV SS Musthyal,31.5,132/33KV,ANDREW YULE,13219,2004,09-01-2025
375,158,132/33KV SS Musthyal,50,132/33KV,TECHNICAL ASSOCIATES LTD,S0 0000492,2016,31-01-2018
376,159,132/33KV SS N V Puram,10/16,132/33KV,APEX TRANSFORMERS LTD,T793A/46070,1991,24-06-2019
377,159,132/33KV SS N V Puram,10/16,132/33KV,IMP POWERS LTD,PT3361,2000,25-07-2019
378,160,132/33KV SS Nalgonda,31.5,132/33KV,EMCO,HT1300/11504,1994,12-03-1994
379,160,132/33KV SS Nalgonda,50,132/33KV,BHARAT BIJLEE LTD,5131/7,2009,08-02-2010
380,160,132/33KV SS Nalgonda,80,132/33KV,TECHNICAL ASSOCIATES LTD,SO-0000475,2016,23-05-2016
381,161,132/33KV SS Nandipet,50,132/33KV,BHARAT BIJLEE LTD,5469/19,2015,09-01-2016
382,161,132/33KV SS Nandipet,50,132/33KV,APEX TRANSFORMERS LTD,T-1009/03,1997,03-09-2016
383,162,132/33KV SS Narayanpeta,31.5,132/33KV,ECE INDUSTRIES LIMITED,S-86761,2017,23-01-2018
384,162,132/33KV SS Narayanpeta,31.5,132/33KV,ECE INDUSTRIES LIMITED,S-86756,2017,28-12-2017
385,163,132/33KV SS Narayanaguda,50,132/33KV,IMP POWERS LTD,PT7922,2017,08-12-2017
386,163,132/33KV SS Narayanaguda,50,132/33KV,APEX TRANSFORMERS LTD,T-1009/02,1997,07-12-2017
387,164,132/33KV SS Narayankhed,50,132/33KV,IMP POWERS LTD,PT7601,2016,04-04-2016
388,164,132/33KV SS Narayankhed,50,132/33KV,BHARAT BIJLEE LTD,5469/13,2015,10-03-2016
389,165,132/33KV SS Narmetta,31.5,132/33KV,TOSHIBA,90164A05,2015,17-02-2016
390,165,132/33KV SS Narmetta,31.5,132/33KV,EMCO,HT-1390/11779,1997,18-01-2018
391,166,132/33KV SS Narsampet,31.5,132/33KV,ANDREW YULE,13096,2003,01-02-2016
392,166,132/33KV SS Narsampet,31.5,132/33KV,VIJAI ELECTRICALS LTD,90083A05,2010,30-09-2010
393,166,132/33KV SS Narsampet,31.5,132/33KV,EMCO,1390/11777,1997,26-03-2016
394,167,132/33KV SS Narsapur,50,132/33KV,BHARAT BIJLEE LTD,5469/34,2015,04-03-2016
395,167,132/33KV SS Narsapur,50,132/33KV,IMP POWERS LTD,PT-7591,2015,30-12-2015
396,168,132/33KV SS Nekkonda,50,132/33KV,BHEL,2014630,2003,29-08-2003
397,168,132/33KV SS Nekkonda,50,132/33KV,TRANSFORMERS & RECTIFIERS LTD,PC0101737,2023,07-07-2023
398,169,132/33KV SS Nellikuduru,31.5,132/33KV,ECE INDUSTRIES LIMITED,S-86763,2017,04-01-2018
399,169,132/33KV SS Nellikuduru,50,132/33KV,TRANSFORMERS & RECTIFIERS LTD,PC0101740,2023,04-08-2023
400,170,132/33KV SS Nimmapally,10/16,132/33KV,INDO TECH TRANSFORMERS LTD,36088,2003,29-04-2021
401,170,132/33KV SS Nimmapally,10/16,132/33KV,NGEF LTD,2800040724,1984,29-04-2021
402,171,132/33KV SS NIMs,80,132/33KV,TECHNICAL ASSOCIATES LTD,SO-0000481,2016,15-08-2016
403,171,132/33KV SS NIMs,80,132/33KV,TRANSFORMERS & RECTIFIERS LTD,PC0101384,2018,19-09-2018
404,172,132/33KV SS Nizamsagar,31.5,132/33KV,APEX TRANSFORMERS LTD,T-1081/01,1999,29-06-1999
405,172,132/33KV SS Nizamsagar,31.5,132/33KV,KRK POWER (P)LTD,PT-331,2010,21-12-2015
406,173,132/33KVKV SS Nuthankal,10/16,132/33KV,NGEF LTD,2800049622,1989,10-02-2025
407,173,132/33KVKV SS Nuthankal,50,132/33KV,TRANSFORMERS & RECTIFIERS LTD,PC0101730,2023,30-12-2024
408,174,132/33KV SS Padmajiwadi,31.5,132/33KV,EMCO,HT-1300/11505,1993,20-01-2016
409,174,132/33KV SS Padmajiwadi,31.5,132/33KV,IMP POWERS LTD,PT-7250,2013,29-10-2014
410,175,132/33KV SS Padmanagar,50,132/33KV,TRANSFORMERS & RECTIFIERS LTD,PC0101371,2018,25-08-2018
411,175,132/33KV SS Padmanagar,50,132/33KV,ECE INDUSTRIES LIMITED,S-87850,2025,19-05-2025
412,176,132/33KV SS Palakurthy,50,132/33KV,BHARAT BIJLEE LTD,5469/3,2015,01-12-2016
413,176,132/33KV SS Palakurthy,50,132/33KV,EMCO,HT 1407/ 11809,1998,04-10-2016
414,177,132/33KV SS Palamakula,31.5,132/33KV,APEX TRANSFORMERS LTD,T-996/03,1997,18-01-2016
415,177,132/33KV SS Palamakula,50,132/33KV,IMP POWERS LTD,PT-7589,2015,23-10-2022
416,179,132/33KV SS Pashamailaram,50,132/33KV,BHARAT BIJLEE LTD,5469/1,2015,30-12-2021
417,179,132/33KV SS Pashamailaram,50,132/33KV,VOLTAMP TRANSFORMERS LTD,21671/1,2010,06-03-2018
418,179,132/33KV SS Pashamailaram,80,132/33KV,INDO TECH TRANSFORMERS LTD,ITK-56606,2025,28-11-2025
419,180,132/33KV SS Patancheru,50,132/33KV,TRANSFORMERS & RECTIFIERS LTD,PC0101741,2023,04-02-2025
420,180,132/33KV SS Patancheru,50,132/33KV,ECE INDUSTRIES LIMITED,S-87843,2025,05-05-2025
421,181,132/33KV SS Patigadda,50,132/33KV,EMCO,T-HT1407/11808,1998,11-01-2025
422,181,132/33KV SS Patigadda,80,132/33KV,BHARAT BIJLEE LTD,5486/7,2015,29-12-2016
423,182,132/33KV SS Peddanagaram,50,132/33KV,TECHNICAL ASSOCIATES LTD,SO0000486,2014,26-02-2016
424,182,132/33KV SS Peddanagaram,50,132/33KV,ECE INDUSTRIES LIMITED,S-87845,2025,02-06-2025
425,183,132/33KV SS Peddashankarampet,31.5,132/33KV,APEX TRANSFORMERS LTD,T-782/46011,1990,11-01-2016
426,183,132/33KV SS Peddashankarampet,31.5,132/33KV,VIJAI ELECTRICALS LTD,90083A09,2010,08-12-2016
427,184,132/33KV SS Penubally,50,132/33KV,BHARAT BIJLEE LTD,5469/12,2015,12-12-2015
428,184,132/33KV SS Penubally,50,132/33KV,TECHNICAL ASSOCIATES LTD,SO-0000496,2016,01-02-2019
429,185,132/33KV SS Bussapur (Pochampad),31.5,132/33KV,BHEL,2001972,1983,14-04-1984
430,185,132/33KV SS Bussapur (Pochampad),50,132/33KV,ECE INDUSTRIES LIMITED,S-86653,2015,31-03-2016
431,186,132/33KV SS Pudur,31.5,132/33KV,EMCO,HT-1307/11527,1999,26-11-2015
432,186,132/33KV SS Pudur,31.5,132/33KV,BHEL,2037956,2013,29-06-2015
433,186,132/33KV SS Pudur,10/16,132/33KV,INDO TECH TRANSFORMERS LTD,36097,2004,29-11-2023
434,187,132/33KV SS Puttapahad,31.5,132/33KV,TECHNICAL ASSOCIATES LTD,TA-31500-14,2010,04-06-2019
435,187,132/33KV SS Puttapahad,31.5,132/33KV,EMCO,HT1300/11506,1994,21-05-2010
436,187,132/33KV SS Puttapahad,31.5,132/33KV,ANDREW YULE,13307,2007,10-03-2016
437,188,132/33KV SS Raghunathpally,50,132/33KV,BHARAT BIJLEE LTD,5469/21,2015,18-01-2016
438,188,132/33KV SS Raghunathpally,50,132/33KV,BHARAT BIJLEE LTD,5469/35,2016,27-02-2016
439,189,132/33KV SS Raikal,31.5,132/33KV,TOSHIBA,90191A06,2016,07-09-2016
440,189,132/33KV SS Raikal,31.5,132/33KV,ECE INDUSTRIES LIMITED,S-86757,2017,12-12-2025
441,190,132/33KV SS Ramannapet,50,132/33KV,CROMPTON GREAVES LTD,BH9039/3,2004,29-01-2005
442,190,132/33KV SS Ramannapet,50,132/33KV,VIJAI ELECTRICALS LTD,90115A01,2012,17-07-2012
443,190,132/33KV SS Ramannapet,50,132/33KV,BHARAT BIJLEE LTD,5263/5,2011,01-06-2016
444,191,132/33KV SS Ramapuram,31.5,132/33KV,ANDREW YULE,13380,2009,28-12-2018
445,191,132/33KV SS Ramapuram,31.5,132/33KV,EMCO,1252/11340,2005,22-01-2017
446,192,132/33KV SS Ramayampet,31.5,132/33KV,INDO TECH TRANSFORMERS LTD,IT-43115,2008,14-01-2016
447,192,132/33KV SS Ramayampet,50,132/33KV,TRANSFORMERS & RECTIFIERS LTD,PC0101738,2023,20-06-2023
448,193,132/33KV SS Reddypet,31.5,132/33KV,TECHNICAL ASSOCIATES LTD,TA-31500-06,2010,18-03-2016
449,193,132/33KV SS Reddypet,10/16,132/33KV,NGEF LTD,2800036458,1981,10-03-2010
450,194,132/33KV SS Regonda,10/16,132/33KV,NGEF LTD,280004-6073,1988,05-12-2018
451,194,132/33KV SS Regonda,10/16,132/33KV,ANDREW YULE,13174,2004,05-12-2018
452,194,132/33KV SS Regonda,10/16,132/33KV,ANDREW YULE,13067,2001,27-12-2018
453,195,132/33KV SS RTS-B,31.5,132/33KV,KANOHAR ELECTRICALS LTD,KT-31500/33,2008,22-06-2009
454,195,132/33KV SS RTS-B,31.5,132/33KV,EMCO,HT 1390/11928,1999,01-05-2021
455,195,132/33KV SS RTS-B,10/16,132/33KV,IMP POWERS LTD,3364,2000,31-08-2023
456,196,132/33KV SS Sadasivpet,31.5,132/33KV,BHEL,2037968,2013,26-08-2014
457,196,132/33KV SS Sadasivpet,50,132/33KV,BHARAT BIJLEE LTD,T/05469/38,2015,26-03-2016
458,196,132/33KV SS Sadasivpet,31.5,132/33KV,APEX TRANSFORMERS LTD,T-1042B/02,1999,24-05-2018
459,197,132/33KV SS Sarangapur,10/16,132/33KV,NGEF LTD,2800049613,1989,07-04-2020
460,197,132/33KV SS Sarangapur,10/16,132/33KV,INDO TECH TRANSFORMERS LTD,IT-36090,2004,30-04-2020
461,197,132/33KV SS Sarangapur,10/16,132/33KV,APEX TRANSFORMERS LTD,T-862/02,1993,04-05-2021
462,199,132/33KV SS Shaligowraram,80,132/33KV,IMP POWERS LTD,PT-7604,2015,12-01-2016
463,199,132/33KV SS Shaligowraram,50,132/33KV,VOLTAMP TRANSFORMERS LTD,21671/10,2010,05-08-2011
464,200,132/33KV SS Shanigaram,31.5,132/33KV,TOSHIBA,90164A007,2015,30-09-2015
465,200,132/33KV SS Shanigaram,31.5,132/33KV,KANOHAR ELECTRICALS LTD,KT-31500/3,2005,29-01-2016
466,200,132/33KV SS Shanigaram,10/16,132/33KV,INDO TECH TRANSFORMERS LTD,36094,2004,31-03-2016
467,201,132/33KV SS Siddipet,50,132/33KV,BHARAT BIJLEE LTD,5263/6,2011,06-01-2012
468,201,132/33KV SS Siddipet,50,132/33KV,ABB POWER PRODUCTS AND SYSTEMS,12002-001,2000,27-05-2000
469,201,132/33KV SS Siddipet,10/16,132/33KV,NGEF LTD,2800042809,1986,23-01-2021
470,202,132/33KV SS Singoor,31.5,132/33KV,TRANSFORMERS & RECTIFIERS LTD,200128,2007,07-01-2016
471,202,132/33KV SS Singoor,31.5,132/33KV,TRANSFORMERS & RECTIFIERS LTD,210100,2007,05-03-2016
472,203,132/33KV SS Sirikonda,50,132/33KV,BHARAT BIJLEE LTD,5469/18,2015,03-07-2024
473,203,132/33KV SS Sirikonda,50,132/33KV,VENKATESHWARA ELECT IND P LTD,VEI/50M/5,2015,30-12-2017
474,204,132/33KV SS SiripurkhagazNagar,31.5,132/33KV,CROMPTON GREAVES LTD,T8720,1999,12-02-2025
475,204,132/33KV SS SiripurkhagazNagar,31.5,132/33KV,IMP POWERS LTD,PT 7242,2013,06-03-2016
476,205,132/33KV SS Srirangapuram (Mogiligidda),50,132/33KV,TOSHIBA,90175A04,2015,13-06-2016
477,205,132/33KV SS Srirangapuram (Mogiligidda),31.5,132/33KV,ECE INDUSTRIES LIMITED,S-86754,2017,04-09-2017
478,206,132/33KV SS Suglampally,31.5,132/33KV,TECHNICAL ASSOCIATES LTD,TA31500.9,2010,13-01-2011
479,206,132/33KV SS Suglampally,31.5,132/33KV,ANDREW YULE,13218,2004,30-09-2004
480,206,132/33KV SS Suglampally,50,132/33KV,BHARAT BIJLEE LTD,3947/1,1995,03-09-2022
481,207,132/33KV SS Suryapeta,80,132/33KV,TRANSFORMERS & RECTIFIERS LTD,220083,2009,13-01-2010
482,207,132/33KV SS Suryapeta,80,132/33KV,TRANSFORMERS & RECTIFIERS LTD,PC0100130,2010,13-07-2011
483,207,132/33KV SS Suryapeta,80,132/33KV,BHARAT BIJLEE LTD,5443/5,2015,28-09-2022
484,208,132/33KV SS Thallada,50,132/33KV,TECHNICAL ASSOCIATES LTD,SO 00000487,2016,18-03-2016
485,208,132/33KV SS Thallada,50,132/33KV,TRANSFORMERS & RECTIFIERS LTD,PC0101748,2023,05-01-2024
486,209,132/33KV SS Thirumalaipalli,31.5,132/33KV,TRANSFORMERS & RECTIFIERS LTD,200123,2007,01-03-2016
487,209,132/33KV SS Thirumalaipalli,31.5,132/33KV,APEX TRANSFORMERS LTD,T-1042B/01,1999,20-05-2015
488,209,132/33KV SS Thirumalaipalli,10/16,132/33KV,APEX TRANSFORMERS LTD,T-932/07,1996,28-01-2014
489,210,132/33KV SS Tukkapur,50,132/33KV,TECHNICAL ASSOCIATES LTD,S00000485,2015,09-03-2016
490,211,132/33KV SS Thunikibollaram,31.5,132/33KV,KANOHAR ELECTRICALS LTD,31500/1,2006,18-08-2016
491,211,132/33KV SS Thunikibollaram,31.5,132/33KV,ECE INDUSTRIES LIMITED,S-86773,2017,23-01-2018
492,212,132/33KV SS Turkayamjal,50,132/33KV,TRANSFORMERS & RECTIFIERS LTD,PC0101377,2018,05-10-2018
493,212,132/33KV SS Turkayamjal,80,132/33KV,INDO TECH TRANSFORMERS LTD,ITK-55864/5913,2023,16-08-2023
494,213,132/33KV SS Utnoor,10/16,132/33KV,NGEF LTD,2800040728,1984,15-04-2015
495,213,132/33KV SS Utnoor,10/16,132/33KV,NGEF LTD,2800042824,1986,15-04-2015
496,214,132/33KV SS Vikarabad(RTSS),10/16,132/33KV,APEX TRANSFORMERS LTD,T.862/03,1993,12-01-2017
497,214,132/33KV SS Vikarabad(RTSS),10/16,132/33KV,ANDREW YULE,13058,2001,01-03-2016
498,215,132/33KV SS Wadapally (New),50,132/33KV,BHARAT BIJLEE LTD,5469/36,2015,13-07-2022
499,215,132/33KV SS Wadapally (New),31.5,132/33KV,ANDREW YULE,13306,2007,06-01-2018
500,216,132/33KV SS Waddepally,50,132/33KV,IMP POWERS LTD,PT-7599,2015,22-03-2016
501,216,132/33KV SS Waddepally,50,132/33KV,IMP POWERS LTD,PT-7593,2015,15-03-2016
502,216,132/33KV SS Waddepally,50,132/33KV,TRANSFORMERS & RECTIFIERS LTD,PCO101381,2018,14-11-2018
503,217,132/33KV SS Wardhannapet,50,132/33KV,GE T&D INDIA LIMITED,B25139,1983,22-03-2019
504,217,132/33KV SS Wardhannapet,50,132/33KV,TECHNICAL ASSOCIATES LTD,SP-1131-1,2019,10-01-2020
505,217,132/33KV SS Wardhannapet,50,132/33KV,TRANSFORMERS & RECTIFIERS LTD,PC0101728,2023,11-05-2023
506,218,132/33KV SS Wattipally,10/16,132/33KV,ANDREW YULE,13182,2004,10-02-2018
507,218,132/33KV SS Wattipally,10/16,132/33KV,ANDREW YULE,13173,2004,09-05-2018
508,219,132/33KV SS Yacharam (Thakkallapally),31.5,132/33KV,TRANSFORMERS & RECTIFIERS LTD,200002-1.0,2006,18-11-2015
509,219,132/33KV SS Yacharam (Thakkallapally),31.5,132/33KV,TRANSFORMERS & RECTIFIERS LTD,200002/4,2006,27-05-2025
510,220,132/33KV SS Yadagirigutta,31.5,132/33KV,KANOHAR ELECTRICALS LTD,KT-31500/2,2006,21-01-2020
511,220,132/33KV SS Yadagirigutta,31.5,132/33KV,ANDREW YULE,13384,2009,11-12-2019
512,221,132/33KV SS Yeldurthy,31.5,132/33KV,ECE INDUSTRIES LIMITED,S-86767,2017,02-08-2018
513,221,132/33KV SS Yeldurthy,31.5,132/33KV,ECE INDUSTRIES LIMITED,S-86768,2017,28-08-2018
514,222,132/33KV SS Yellandu,50,132/33KV,IMP POWERS LTD,PT-7597,2016,30-12-2017
515,222,132/33KV SS Yellandu,50,132/33KV,TRANSFORMERS & RECTIFIERS LTD,PC0101746,2023,06-10-2023
516,223,132/33KV SS Yellareddypet,31.5,132/33KV,BHEL,2037953,2014,28-06-2014
517,223,132/33KV SS Yellareddypet,31.5,132/33KV,TOSHIBA,90198A02,2016,25-06-2016
518,223,132/33KV SS Yellareddypet,50,132/33KV,ECE INDUSTRIES LIMITED,87953,2025,13-10-2025
519,224,132/33KV SS Yerrabelli,50,132/33KV,BHARAT BIJLEE LTD,5469/25,2015,03-02-2023
520,224,132/33KV SS Yerrabelli,50,132/33KV,BHARAT BIJLEE LTD,5469/7,2015,23-11-2015
521,225,132/33KV SS Zaheerabad,31.5,132/33KV,APEX TRANSFORMERS LTD,T-782/46017,1994,12-04-2021
522,225,132/33KV SS Zaheerabad,50,132/33KV,T/F ELE KERALA LTD,120489-1,2005,05-04-2013
523,225,132/33KV SS Zaheerabad,80,132/33KV,TRANSFORMERS & RECTIFIERS LTD,PC0101388,2018,29-12-2018
524,226,132/33KV SS ZTS Moulali,50,132/33KV,TECHNICAL ASSOCIATES LTD,SP-1131-3,2020,30-07-2021
525,226,132/33KV SS ZTS Moulali,80,132/33KV,INDO TECH TRANSFORMERS LTD,ITK - 56524/6195,2025,22-05-2025
526,227,132/33KV SS Dommarapochampally,50,132/33KV,BHARAT BIJLEE LTD,5469/32,2015,30-07-2024
527,227,132/33KV SS Dommarapochampally,80,132/33KV,INDO TECH TRANSFORMERS LTD,ITK-56525/6195,2025,26-06-2025
528,228,132/33KV SS LGM Pet,50,132/33KV,TECHNICAL ASSOCIATES LTD,SO-0000494,2015,18-08-2016
529,228,132/33KV SS LGM Pet,80,132/33KV,INDO TECH TRANSFORMERS LTD,ITK-55868,2023,10-07-2024
530,229,132/33/11KV SS Bagepally,10/16,132/11KV,ANDREW YULE,13297,2006,14-06-2007
531,229,132/33/11KV SS Bagepally,10/16,132/11KV,ANDREW YULE,13299,2007,24-10-2008
532,229,132/33/11KV SS Bagepally,10/16,132/33KV,ETE LTD,12127,1996,04-08-2018
533,229,132/33/11KV SS Bagepally,10/16,132/33KV,APEX TRANSFORMERS LTD,T-888/02,1994,18-08-2018
534,230,132/33/11KV SS Ch.Kondur,10/16,132/11KV,INDO TECH TRANSFORMERS LTD,40509,2006,22-12-2007
535,230,132/33/11KV SS Ch.Kondur,10/16,132/11KV,ANDREW YULE,13301,2007,14-10-2009
536,230,132/33/11KV SS Ch.Kondur,10/16,132/11KV,APEX TRANSFORMERS LTD,T-1097B/01,2000,11-01-2019
537,230,132/33/11KV SS Ch.Kondur,10/16,132/11KV,ANDREW YULE,13179,2004,01-10-2018
538,231,132/33/11KV SS Jankampet,10/16,132/11KV,INDO TECH TRANSFORMERS LTD,40507,2006,13-06-2007
539,231,132/33/11KV SS Jankampet,10/16,132/11KV,ANDREW YULE,13298,2006,22-10-2008
540,231,132/33/11KV SS Jankampet,10/16,132/33KV,APEX TRANSFORMERS LTD,T-814A/2,1992,01-02-2019
541,231,132/33/11KV SS Jankampet,10/16,132/33KV,NO DATA,12128,1996,14-09-2020
542,232,132/33/11KV SS RC Puram,50,132/33KV,IMP POWERS LTD,T-PT-7603,2016,10-04-2016
543,232,132/33/11KV SS RC Puram,80,132/33KV,TECHNICAL ASSOCIATES LTD,SO-0000480,2016,09-01-2025
544,232,132/33/11KV SS RC Puram,10/16,132/11KV,NO DATA,1386,2007,12-02-2011
545,232,132/33/11KV SS RC Puram,10/16,132/33KV,APEX TRANSFORMERS LTD,T-526E&F/32552,1982,01-06-1985
546,232,132/33/11KV SS RC Puram,80,132/33KV,BHARAT BIJLEE LTD,5610/4,2018,16-04-2018
547,232,132/33/11KV SS RC Puram,80,132/33KV,TRANSFORMERS & RECTIFIERS LTD,PC0101390,2018,12-03-2019
548,233,132/33/11KV SS Gangadhara,25,132/11KV,ECE INDUSTRIES LIMITED,S 86259,2010,09-07-2012
549,233,132/33/11KV SS Gangadhara,25,132/11KV,ECE INDUSTRIES LIMITED,S 86258,2010,05-05-2012
550,233,132/33/11KV SS Gangadhara,31.5,132/33KV,EMCO,1252/1135,1990,22-12-2022
551,233,132/33/11KV SS Gangadhara,10/16,132/33KV,ANDREW YULE,13066,2001,28-10-2017
552,233,132/33/11KV SS Gangadhara,10/16,132/33KV,NGEF LTD,280005-1781,1992,30-10-2017
553,234,132/33KV SS Chegunta,80,132/33KV,BHARAT BIJLEE LTD,5443/6,2015,28-08-2015
554,234,132/33KV SS Chegunta,50,132/33KV,BHARAT BIJLEE LTD,4957/9,2007,21-01-2008
555,235,132/33KV SS Manikonda,80,132/33KV,TOSHIBA,90676A02,2022,15-09-2022
556,235,132/33KV SS Manikonda,80,132/33KV,TOSHIBA,90676A01,2022,15-09-2022
557,236,132/33KVKV SS Peechara,10/16,132/33KV,NGEF LTD,2800040732,1984,08-10-2025
558,236,132/33KVKV SS Peechara,10/16,132/33KV,NGEF LTD,2800051789,1990,20-09-2025
559,237,132/33KVKV SS Koutala,10/16,132/33KV,IMP POWERS LTD,PT3362,2000,25-04-2025
560,237,132/33KVKV SS Koutala,10/16,132/33KV,EMCO,HT1301/11509,1994,25-04-2025
561,238,132/33KV SS Nagaram,31.5,132/33KV,EMCO,HT1390/11930,1999,15-07-2023
562,238,132/33KV SS Nagaram,10/16,132/33KV,NGEF LTD,2800022376,1975,17-10-2016
563,238,132/33KV SS Nagaram,10/16,132/33KV,ANDREW YULE,13172,2004,27-03-2022
564,239,132/33KV SS Pasra,10/16,132/33KV,APEX TRANSFORMERS LTD,P-932/02,1995,25-01-2012
565,239,132/33KV SS Pasra,10/16,132/33KV,APEX TRANSFORMERS LTD,46066,2002,26-01-2018
566,240,132/33KV SS Balanagar,50,132/33KV,ALSTOM INSTRUMENT TRANSFORMERS,TSSC6521/B-29685,2002,05-02-2003
567,240,132/33KV SS Balanagar,80,132/33KV,BHARAT BIJLEE LTD,5262/6,2011,01-06-2012
568,240,132/33KV SS Balanagar,80,132/33KV,INDO TECH TRANSFORMERS LTD,ITK-55866,2023,06-11-2023
569,241,132/33KV SS Erragadda,80,132/33KV,TRANSFORMERS & RECTIFIERS LTD,220084,2009,06-07-2009
570,241,132/33KV SS Erragadda,80,132/33KV,VIJAI ELECTRICALS LTD,90099B02,2010,23-02-2011
571,241,132/33KV SS Erragadda,80,132/33KV,BHARAT BIJLEE LTD,5276/10,2014,10-08-2016
572,242,132/33KV SS Kothagudem RTSS,50,132/33KV,TRANSFORMERS & RECTIFIERS LTD,PC0101743,2023,21-11-2023
573,243,220/132KV SS Thimmajipet,100,220/132KV,T/F ELE KERALA LTD,130154-1,2006,22-07-2022
574,244,220/11KV SS Annaram,50,220/11KV,T/F ELE KERALA LTD,120696-02,2017,14-03-2019
575,244,220/11KV SS Annaram,50,220/11KV,T/F ELE KERALA LTD,120696-03,2017,14-03-2019
576,244,220/11KV SS Annaram,50,220/11KV,T/F ELE KERALA LTD,120694-07,2017,14-03-2019
577,244,220/11KV SS Annaram,50,220/11KV,T/F ELE KERALA LTD,120694-05,2017,14-03-2019
578,244,220/11KV SS Annaram,50,220/11KV,T/F ELE KERALA LTD,120696-01,2018,14-03-2019
579,244,220/11KV SS Annaram,50,220/11KV,T/F ELE KERALA LTD,120694-11,2018,18-06-2019
580,244,220/11KV SS Annaram,50,220/11KV,T/F ELE KERALA LTD,120696-05,2018,18-06-2019
581,244,220/11KV SS Annaram,50,220/11KV,T/F ELE KERALA LTD,120694-12,2018,25-07-2019
582,244,220/11KV SS Annaram,50,220/11KV,T/F ELE KERALA LTD,120694-08,2018,04-07-2019
583,244,220/11KV SS Annaram,50,220/11KV,T/F ELE KERALA LTD,120694-13,2018,25-07-2019
584,244,220/11KV SS Annaram,50,220/11KV,TOSHIBA,90465A/08,2020,09-10-2020
585,244,220/11KV SS Annaram,50,220/11KV,TOSHIBA,90465A/07,2020,09-10-2020
586,244,220/11KV SS Annaram,50,220/11KV,TOSHIBA,90465A/13,2020,23-11-2020
587,244,220/11KV SS Annaram,50,220/11KV,TOSHIBA,90465A/12,2020,23-11-2020
588,245,220/11KV SS Akkaram,31.5,220/11KV,TOSHIBA,90408A06,2019,29-04-2020
589,245,220/11KV SS Akkaram,31.5,220/11KV,TOSHIBA,90408A02,2019,01-05-2020
590,245,220/11KV SS Akkaram,31.5,220/11KV,TOSHIBA,90408A05,2019,02-05-2020
591,245,220/11KV SS Akkaram,31.5,220/11KV,TOSHIBA,90408A04,2019,07-05-2020
592,245,220/11KV SS Akkaram,31.5,220/11KV,TOSHIBA,90408A03,2019,05-05-2020
593,245,220/11KV SS Akkaram,31.5,220/11KV,TOSHIBA,90408A01,2019,05-05-2020
594,245,220/11KV SS Akkaram,31.5,220/11KV,TOSHIBA,90408B01,2019,26-04-2020
595,245,220/11KV SS Akkaram,31.5,220/11KV,TOSHIBA,90408B02,2019,30-04-2020
596,246,220/11KV SS Gangaram,50,220/11KV,VIJAI ELECTRICALS LTD,90070A02,2010,15-07-2010
597,246,220/11KV SS Gangaram,31.5,220/11KV,TRANSFORMERS & RECTIFIERS LTD,200075,2006,01-10-2008
598,246,220/11KV SS Gangaram,50,220/11KV,VIJAI ELECTRICALS LTD,90072A02,2010,29-06-2011
599,246,220/11KV SS Gangaram,50,220/11KV,T/F ELE KERALA LTD,120663-3,2015,15-07-2016
600,246,220/11KV SS Gangaram,50,220/11KV,T/F ELE KERALA LTD,120663-2,2015,25-06-2016
601,246,220/11KV SS Gangaram,50,220/11KV,T/F ELE KERALA LTD,120663-1,2015,25-06-2016
602,247,220/11KV SS Gouridevipally,50,220/11KV,T/F ELE KERALA LTD,120676-2,2016,08-12-2017
603,247,220/11KV SS Gouridevipally,50,220/11KV,ADITYA VIDYUT APPLIANCES LTD,169/1,2018,26-02-2019
604,248,220/11KV SS Rajeshwarrao Peta,60,220/11KV,TOSHIBA,90326A02,2018,28-06-2019
605,248,220/11KV SS Rajeshwarrao Peta,60,220/11KV,TOSHIBA,90326A01,2018,28-06-2019
606,249,220/11KV SS Markook,10/16,220/11KV,TOSHIBA,90379B01,2019,28-04-2020
607,249,220/11KV SS Markook,10/16,220/11KV,TOSHIBA,90379B02,2019,09-05-2020
608,249,220/11KV SS Markook,40,220/11KV,TOSHIBA,90379A03,2019,02-05-2020
609,249,220/11KV SS Markook,40,220/11KV,TOSHIBA,90379A02,2019,04-05-2020
610,249,220/11KV SS Markook,40,220/11KV,TOSHIBA,90379A01,2019,06-05-2020
611,249,220/11KV SS Markook,40,220/11KV,TOSHIBA,90379A05,2019,11-05-2020
612,249,220/11KV SS Markook,40,220/11KV,TOSHIBA,90379A04,2019,16-05-2020
613,249,220/11KV SS Markook,40,220/11KV,TOSHIBA,90379A06,2019,13-05-2020
614,250,220/11KV SS Medaram,50,220/11KV,BHARAT BIJLEE LTD,5176/1,2010,05-03-2018
615,250,220/11KV SS Medaram,50,220/11KV,BHARAT BIJLEE LTD,5176/4,2010,21-05-2012
616,251,220/11KV SS Medigadda,50,220/11KV,T/F ELE KERALA LTD,120694-01,2017,04-12-2018
617,251,220/11KV SS Medigadda,50,220/11KV,T/F ELE KERALA LTD,120697-04,2017,17-01-2019
618,251,220/11KV SS Medigadda,50,220/11KV,T/F ELE KERALA LTD,120694-06,2017,17-01-2019
619,251,220/11KV SS Medigadda,50,220/11KV,T/F ELE KERALA LTD,120694-04,2017,09-04-2019
620,251,220/11KV SS Medigadda,50,220/11KV,T/F ELE KERALA LTD,120694-09,2017,07-05-2019
621,251,220/11KV SS Medigadda,50,220/11KV,T/F ELE KERALA LTD,120694-02,2017,07-05-2019
622,251,220/11KV SS Medigadda,50,220/11KV,T/F ELE KERALA LTD,120694-03,2017,17-06-2019
623,251,220/11KV SS Medigadda,50,220/11KV,T/F ELE KERALA LTD,120696-06,2018,22-07-2019
624,251,220/11KV SS Medigadda,50,220/11KV,T/F ELE KERALA LTD,120696-07,2018,25-07-2019
625,251,220/11KV SS Medigadda,50,220/11KV,T/F ELE KERALA LTD,120696-08,2018,27-08-2019
626,251,220/11KV SS Medigadda,50,220/11KV,T/F ELE KERALA LTD,120697-09,2018,27-08-2019
627,251,220/11KV SS Medigadda,50,220/11KV,T/F ELE KERALA LTD,120694-10,2018,03-12-2018
628,251,220/11KV SS Medigadda,50,220/11KV,T/F ELE KERALA LTD,120697-10,2018,15-10-2019
629,251,220/11KV SS Medigadda,50,220/11KV,TOSHIBA,90465A/01,2020,05-09-2020
630,251,220/11KV SS Medigadda,50,220/11KV,TOSHIBA,90465A/02,2020,05-10-2020
631,251,220/11KV SS Medigadda,50,220/11KV,TOSHIBA,90465A/03,2020,05-10-2020
632,251,220/11KV SS Medigadda,50,220/11KV,TOSHIBA,90465A/04,2020,04-11-2020
633,251,220/11KV SS Medigadda,50,220/11KV,TOSHIBA,90465A/10,2020,04-11-2020
634,251,220/11KV SS Medigadda,50,220/11KV,TOSHIBA,90465A/11,2020,04-11-2020
635,252,220/11KV SS Mupkal,60,220/11KV,TOSHIBA,90394A02,2019,12-04-2021
636,252,220/11KV SS Mupkal,60,220/11KV,TOSHIBA,90394A01,2019,12-04-2021
637,253,220/11KV SS Pulukurthy,31.5,220/11KV,TRANSFORMERS & RECTIFIERS LTD,200074,2006,25-01-2022
638,253,220/11KV SS Pulukurthy,31.5,220/11KV,T/F ELE KERALA LTD,120501-1,2006,21-06-2007
639,254,220/11KV SS Rampur,60,220/11KV,TOSHIBA,90326B01,2018,17-05-2019
640,254,220/11KV SS Rampur,60,220/11KV,TOSHIBA,90326B02,2018,17-05-2019
641,255,220/11KV SS Vemnoor,50,220/11KV,T/F ELE KERALA LTD,120676-1,2016,07-01-2017
642,255,220/11KV SS Vemnoor,50,220/11KV,BHARAT BIJLEE LTD,5176/2,2010,01-05-2012
643,256,220/11KV SS Yelluru,50,220/11KV,BHARAT BIJLEE LTD,5176/3,2010,03-11-2017
644,256,220/11KV SS Yelluru,50,220/11KV,ADITYA VIDYUT APPLIANCES LTD,169/2,2018,31-01-2019
645,257,220/11KV SS Mentrajpally,31.5,220/11KV,ECE INDUSTRIES LIMITED,S-87144,2021,31-03-2022
646,257,220/11KV SS Mentrajpally,31.5,220/11KV,ECE INDUSTRIES LIMITED,S-87145,2021,31-03-2022
647,258,220/11KVKV SS Sarangapur,10/16,220/11KV,THOSHIBA T&D SYSTEMS PVT LTD,90380B01,2019,21-12-2021
648,258,220/11KVKV SS Sarangapur,40,220/11KV,THOSHIBA T&D SYSTEMS PVT LTD,90380A01,2019,23-05-2022
649,258,220/11KVKV SS Sarangapur,40,220/11KV,THOSHIBA T&D SYSTEMS PVT LTD,90380A02,2019,07-05-2022
650,258,220/11KVKV SS Sarangapur,40,220/11KV,THOSHIBA T&D SYSTEMS PVT LTD,90380A03,2019,06-06-2022
651,258,220/11KVKV SS Sarangapur,10/16,220/11KV,THOSHIBA T&D SYSTEMS PVT LTD,90380B02,2019,21-12-2021
652,259,220/11KV SS Devannapet,40,220/11KV,TOSHIBA,90506A03,2021,19-06-2023
653,259,220/11KV SS Devannapet,40,220/11KV,TOSHIBA,90506A01,2021,19-06-2023
654,259,220/11KV SS Devannapet,40,220/11KV,TOSHIBA,90506A02,2021,19-06-2023
655,259,220/11KV SS Devannapet,25,220/11KV,TOSHIBA,90506B02,2021,19-06-2023
656,259,220/11KV SS Devannapet,25,220/11KV,TOSHIBA,90506B01,2021,19-06-2023
657,261,220/132KV SS Gunrock,160,220/132KV,EMCO,HT 1892/13261,2011,30-11-2012
658,261,220/132KV SS Gunrock,160,220/132KV,TRANSFORMERS & RECTIFIERS LTD,PMO100086,2012,09-04-2020
659,261,220/132KV SS Gunrock,160,220/132KV,BHARAT BIJLEE LTD,5595/07,2017,19-05-2018
660,262,220/132KV SS Malyalapally (Ramagudam),160,220/132KV,IMP POWERS LTD,7616,2015,04-09-2016
661,263,220/132KV SS Utnoor(Indravelly),100,220/132KV,EMCO,1698-12586,2006,27-08-2021
662,263,220/132KV SS Utnoor(Indravelly),100,220/132KV,TRANSFORMERS & RECTIFIERS LTD,230001,2009,22-11-2021
663,264,220/132KV SS Budidampadu,160,220/132KV,IMP POWERS LTD,PT-7611,2015,11-03-2016
664,264,220/132KV SS Budidampadu,160,220/132KV,IMP POWERS LTD,PT-7615,2015,08-06-2016
665,265,220/132KV SS Erragadda,160,220/132KV,BHARAT BIJLEE LTD,5273/2,2011,03-06-2015
666,265,220/132KV SS Erragadda,160,220/132KV,BHARAT BIJLEE LTD,5264/2,2011,27-05-2015
667,265,220/132KV SS Erragadda,160,220/132KV,BHARAT BIJLEE LTD,5595/12,2018,22-11-2018
668,266,220/132KV SS Huzurabad,160,220/132KV,BHARAT BIJLEE LTD,5471/4,2015,22-11-2021
669,266,220/132KV SS Huzurabad,100,220/132KV,CROMPTON GREAVES LTD,BH-8877,2002,23-08-2017
670,266,220/132KV SS Huzurabad,100,220/132KV,BHARAT BIJLEE LTD,T/05590-01,2017,14-05-2018
671,267,220/132KV SS Imlibun,160,220/132KV,BHARAT BIJLEE LTD,5471/19,2015,31-01-2017
672,267,220/132KV SS Imlibun,160,220/132KV,BTW ATLANTA TRANSFORMERS,20191T01,2019,30-08-2020
673,268,220/132KV SS Jagitial,100,220/132KV,ALSTOM INSTRUMENT TRANSFORMERS,B-29658,2002,31-10-2002
674,268,220/132KV SS Jagitial,100,220/132KV,TRANSFORMERS & RECTIFIERS LTD,PM0100080,2012,05-09-2012
675,268,220/132KV SS Jagitial,100,220/132KV,EMCO,HT-1381/1175,1997,19-03-2016
676,268,220/132KV SS Jagitial,160,220/132KV,TRANSFORMERS & RECTIFIERS LTD,PM0100465,2023,30-12-2023
677,269,220/132KV SS Jurala,100,220/132KV,BHEL,2038210,2014,21-01-2015
678,269,220/132KV SS Jurala,160,220/132KV,TRANSFORMERS & RECTIFIERS LTD,PM0100483,2024,01-02-2025
679,269,220/132KV SS Jurala,160,220/132KV,TRANSFORMERS & RECTIFIERS LTD,PM0100467,2025,18-06-2025
680,270,220/132KV SS K.M.Pally,100,220/132KV,EMCO,HT1698/12587,2006,21-07-2007
681,270,220/132KV SS K.M.Pally,100,220/132KV,APEX TRANSFORMERS LTD,T-1056/03,1999,29-10-2008
682,270,220/132KV SS K.M.Pally,100,220/132KV,CROMPTON GREAVES LTD,24211,1980,13-06-2016
683,270,220/132KV SS K.M.Pally,100,220/132KV,CROMPTON GREAVES LTD,T8462/2,1995,01-07-2022
684,271,220/132KV SS Kalwakurthy,160,220/132KV,BHARAT BIJLEE LTD,5471/3,2015,17-02-2016
685,271,220/132KV SS Kalwakurthy,160,220/132KV,BHARAT BIJLEE LTD,5471/15,2015,21-03-2016
686,271,220/132KV SS Kalwakurthy,100,220/132KV,BHARAT BIJLEE LTD,5130/4,2009,31-08-2010
687,272,220/132KV SS Kamareddy,100,220/132KV,TRANSFORMERS & RECTIFIERS LTD,210003,2007,20-02-2009
688,272,220/132KV SS Kamareddy,160,220/132KV,BHARAT BIJLEE LTD,T/05595/2,2017,18-12-2017
689,273,220/132KV SS Mandamarri (Bellampally),100,220/132KV,BHARAT BIJLEE LTD,5130/6,2010,20-07-2011
690,273,220/132KV SS Mandamarri (Bellampally),100,220/132KV,EMCO,HT-169812590,2006,31-03-2007
691,273,220/132KV SS Mandamarri (Bellampally),100,220/132KV,T/F ELE KERALA LTD,130081-5,1988,07-09-2015
692,274,220/132KV SS Manthani,100,220/132KV,BHEL,2006479,1991,28-12-2023
693,274,220/132KV SS Manthani,100,220/132KV,BHEL,2038215,2014,06-01-2016
694,274,220/132KV SS Manthani,100,220/132KV,EMCO,1439/11895N1,1999,25-07-2021
695,275,220/132KV SS Parigi,50,132/33KV,BHEL,2014631,2002,20-02-2016
696,275,220/132KV SS Parigi,50,132/33KV,MARSONS LTD,83569,2014,10-01-2015
697,275,220/132KV SS Parigi,100,220/132KV,CROMPTON GREAVES LTD,24443,1983,17-10-2016
698,275,220/132KV SS Parigi,100,220/132KV,TBEA LTD,15B04073,2015,04-03-2016
699,276,220/132KV SS Sadasivapet,160,220/132KV,BHARAT BIJLEE LTD,5471/14,2016,18-03-2016
700,276,220/132KV SS Sadasivapet,100,220/132KV,EMCO,HT-01513/12099,2002,16-08-2019
701,277,220/132KV SS Siddipet,100,220/132KV,EMCO,HT1381/11724,1997,03-10-1997
702,277,220/132KV SS Siddipet,160,220/132KV,IMP POWERS LTD,PT76-7613,2015,13-05-2016
703,277,220/132KV SS Siddipet,160,220/132KV,TRANSFORMERS & RECTIFIERS LTD,PM0100461,2025,05-07-2025
704,278,220/132KV SS Sitapuram,100,220/132KV,EMCO,HT1639/12405,2005,19-09-2016
705,278,220/132KV SS Sitapuram,100,220/132KV,APEX TRANSFORMERS LTD,TE-1056/1,1999,10-11-2017
706,279,220/132KV SS Yeddumailaram,160,220/132KV,EMCO,HT 1892/13258,2011,13-01-2012
707,279,220/132KV SS Yeddumailaram,100,220/132KV,BHEL,2005074,2004,16-05-2004
708,279,220/132KV SS Yeddumailaram,160,220/132KV,BTW ATLANTA TRANSFORMERS,201812T01,2019,18-07-2019
709,280,220/132/33KV SS Shapur Nagar,80,132/33KV,BHARAT BIJLEE LTD,5276/8,2012,04-06-2015
710,280,220/132/33KV SS Shapur Nagar,80,132/33KV,TRANSFORMERS & RECTIFIERS LTD,220085,2009,20-01-2010
711,280,220/132/33KV SS Shapur Nagar,160,220/132KV,ABB POWER PRODUCTS AND SYSTEMS,13042-001,2007,15-11-2007
712,280,220/132/33KV SS Shapur Nagar,160,220/132KV,SIEMENS LTD,110002-2,2007,20-07-2008
713,280,220/132/33KV SS Shapur Nagar,160,220/132KV,BHARAT BIJLEE LTD,05471/11,2015,02-03-2016
714,280,220/132/33KV SS Shapur Nagar,80,132/33KV,INDO TECH TRANSFORMERS LTD,ITK-55862,2023,09-08-2023
715,281,220/132/33KV SS Seetharampatnam (Paloncha),50,132/33KV,VOLTAMP TRANSFORMERS LTD,21671/8,2011,22-06-2011
716,281,220/132/33KV SS Seetharampatnam (Paloncha),50,132/33KV,BHARAT BIJLEE LTD,5469/11,2014,02-12-2015
717,281,220/132/33KV SS Seetharampatnam (Paloncha),100,220/132KV,CROMPTON GREAVES LTD,T8449/3,1996,23-11-1996
718,281,220/132/33KV SS Seetharampatnam (Paloncha),100,220/132KV,BHARAT BIJLEE LTD,5590/13,2018,01-12-2018
719,282,220/132/33KV SS Warangal,80,132/33KV,BHARAT BIJLEE LTD,5216/1,2011,03-06-2011
720,282,220/132/33KV SS Warangal,160,220/132KV,EMCO,HT 1892/13262,2011,21-12-2011
721,282,220/132/33KV SS Warangal,160,220/132KV,IMP POWERS LTD,7614,2015,30-05-2016
722,282,220/132/33KV SS Warangal,160,220/132KV,BHARAT BIJLEE LTD,5471/12,2015,06-03-2016
723,282,220/132/33KV SS Warangal,50,132/33KV,ECE INDUSTRIES LIMITED,87950,2025,09-09-2025
724,283,220/132KV SS Ammavaripet,50,132/33KV,TECHNICAL ASSOCIATES LTD,SO-000490,2015,29-12-2022
725,283,220/132KV SS Ammavaripet,100,220/132KV,TRANSFORMERS & RECTIFIERS LTD,PM0100081,2012,10-01-2013
726,283,220/132KV SS Ammavaripet,100,220/132KV,KANOHAR ELECTRICALS LTD,KT-100000/4,2008,31-03-2024
727,283,220/132KV SS Ammavaripet,50,132/33KV,TRANSFORMERS & RECTIFIERS LTD,PC0101731,2023,05-08-2023
728,284,220/132/33KV SS Ashwaropet,31.5,132/33KV,ANDREW YULE,13221,2004,23-12-2015
729,284,220/132/33KV SS Ashwaropet,31.5,132/33KV,EMCO,1236/11280,1989,03-10-2011
730,284,220/132/33KV SS Ashwaropet,100,220/132KV,ALSTOM INSTRUMENT TRANSFORMERS,TSSC-6618/B-29866,2005,28-04-2018
731,284,220/132/33KV SS Ashwaropet,100,220/132KV,CROMPTON GREAVES LTD,24214,1980,31-08-2018
732,285,220/132/33KV SS Banswada,31.5,132/33KV,IMP POWERS LTD,PT-7241,2013,09-01-2014
733,285,220/132/33KV SS Banswada,50,132/33KV,APEX TRANSFORMERS LTD,T-793B/46072,1991,28-12-2017
734,285,220/132/33KV SS Banswada,100,220/132KV,BHARAT BIJLEE LTD,5590/08,2018,26-09-2019
735,285,220/132/33KV SS Banswada,100,220/132KV,BHARAT BIJLEE LTD,5590/19,2018,26-09-2019
736,286,220/132/33KV SS Bhongir,100,220/132KV,T/F ELE KERALA LTD,130137-7,2001,16-04-2016
737,286,220/132/33KV SS Bhongir,50,132/33KV,ECE INDUSTRIES LIMITED,S-86649,2015,16-12-2015
738,286,220/132/33KV SS Bhongir,100,220/132KV,BHEL,2007595,1993,12-03-2024
739,286,220/132/33KV SS Bhongir,100,220/132KV,BHEL,2005072,1989,02-12-2021
740,286,220/132/33KV SS Bhongir,80,132/33KV,TRANSFORMERS & RECTIFIERS LTD,PCO101715,2022,16-05-2023
741,287,220/132/33KV SS Bonguluru (Adibatla),31.5,132/33KV,BHEL,2037966,2013,28-11-1999
742,287,220/132/33KV SS Bonguluru (Adibatla),100,220/132KV,T/F ELE KERALA LTD,130154-2,2006,29-11-2006
743,287,220/132/33KV SS Bonguluru (Adibatla),100,220/132KV,APEX TRANSFORMERS LTD,T-1056/02,1999,25-05-2012
744,287,220/132/33KV SS Bonguluru (Adibatla),50,132/33KV,TOSHIBA,90175A02,2015,01-11-2015
745,288,220/132/33KV SS Chandrayangutta,160,220/132KV,ABB POWER PRODUCTS AND SYSTEMS,13042-004,2007,11-01-2008
746,288,220/132/33KV SS Chandrayangutta,160,220/132KV,ABB POWER PRODUCTS AND SYSTEMS,13042-003,2007,14-02-2010
747,288,220/132/33KV SS Chandrayangutta,50,132/33KV,APEX TRANSFORMERS LTD,T-956A/04,1997,17-09-1997
748,288,220/132/33KV SS Chandrayangutta,50,132/33KV,BHEL,2001967,1983,26-04-1986
749,288,220/132/33KV SS Chandrayangutta,50,132/33KV,TOSHIBA,90175A-01,2015,31-08-2015
750,288,220/132/33KV SS Chandrayangutta,80,132/33KV,BHARAT BIJLEE LTD,5118/2,2009,19-08-2009
751,288,220/132/33KV SS Chandrayangutta,160,220/132KV,TRANSFORMERS & ELECTRICAL LTD,PM0100459,2024,04-07-2024
752,288,220/132/33KV SS Chandrayangutta,160,220/132KV,TRANSFORMERS & RECTIFIERS LTD,PM0100480,2025,30-03-2025
753,288,220/132/33KV SS Chandrayangutta,50,132/33KV,ECE INDUSTRIES LIMITED,87848,2025,14-05-2025
754,289,220/132/33KV SS Kothur(Chegur),80,132/33KV,VIJAI ELECTRICALS LTD,90128A/02,2012,01-10-2020
755,289,220/132/33KV SS Kothur(Chegur),160,220/132KV,BTW ATLANTA TRANSFORMERS,20186T01,2018,01-10-2020
756,289,220/132/33KV SS Kothur(Chegur),160,220/132KV,BTW ATLANTA TRANSFORMERS,20187T01,2019,01-10-2020
757,290,220/132/33KV SS Dichpally,50,132/33KV,BHARAT BIJLEE LTD,5469/30,2012,06-02-2016
758,290,220/132/33KV SS Dichpally,160,220/132KV,VIJAI ELECTRICALS LTD,900105A02,2011,21-08-2011
759,290,220/132/33KV SS Dichpally,160,220/132KV,BHARAT BIJLEE LTD,5471/17,2016,06-04-2016
760,290,220/132/33KV SS Dichpally,100,220/132KV,ALSTOM INSTRUMENT TRANSFORMERS,B-28600,1994,11-04-1995
761,290,220/132/33KV SS Dichpally,160,220/132KV,BHARAT BIJLEE LTD,5595/1,2017,04-12-2017
762,290,220/132/33KV SS Dichpally,80,132/33KV,TRANSFORMERS & RECTIFIERS LTD,PCO 101385,2018,18-08-2018
763,291,220/132/33KV SS Fabcity,50,132/33KV,TRANSFORMERS & RECTIFIERS LTD,PC0100293,2012,12-12-2014
764,291,220/132/33KV SS Fabcity,50,132/33KV,NGEF LTD,6800000046,1987,31-01-1990
765,291,220/132/33KV SS Fabcity,100,220/132KV,TRANSFORMERS & RECTIFIERS LTD,100083,2012,12-12-2014
766,291,220/132/33KV SS Fabcity,100,220/132KV,TRANSFORMERS & RECTIFIERS LTD,PM0100082,2012,21-04-2016
767,291,220/132/33KV SS Fabcity,50,132/33KV,ECE INDUSTRIES LIMITED,87841,2025,14-04-2025
768,292,220/132/33KV SS Gachibowli,50,132/33KV,BHARAT BIJLEE LTD,4957/ 3,2007,23-04-2007
769,292,220/132/33KV SS Gachibowli,160,220/132KV,ABB POWER PRODUCTS AND SYSTEMS,13042-005,2006,20-12-2007
770,292,220/132/33KV SS Gachibowli,160,220/132KV,VIJAI ELECTRICALS LTD,90105A03-2011,2011,24-11-2011
771,292,220/132/33KV SS Gachibowli,80,132/33KV,BHARAT BIJLEE LTD,5610/3,2018,15-04-2018
772,292,220/132/33KV SS Gachibowli,160,220/132KV,BTW ATLANTA TRANSFORMERS,201810T01,2018,24-02-2020
773,292,220/132/33KV SS Gachibowli,160,220/132KV,TRANSFORMERS & RECTIFIERS LTD,PMO100466,2024,17-04-2024
774,292,220/132/33KV SS Gachibowli,80,132/33KV,INDO TECH TRANSFORMERS LTD,ITK-56523/6195,2025,21.06.2025
775,293,220/132/33KV SS Ghanapur,160,220/132KV,SIEMENS LTD,110002/5,2008,27-08-2008
776,293,220/132/33KV SS Ghanapur,100,220/132KV,BHEL,2001754,1983,30-12-1986
777,293,220/132/33KV SS Ghanapur,160,220/132KV,BHARAT BIJLEE LTD,5273/4,2011,26-04-2012
778,293,220/132/33KV SS Ghanapur,50,132/33KV,TRANSFORMERS & RECTIFIERS LTD,PC0101735,2023,25-04-2023
779,293,220/132/33KV SS Ghanapur,80,132/33KV,INDO TECH TRANSFORMERS LTD,ITK-55867,2023,20-01-2024
780,294,220/132/33KVKV SS Husnabad,10/16,132/33KV,NGEF LTD,2800046074,1988,05-02-2024
781,294,220/132/33KVKV SS Husnabad,100,220/132KV,EMCO,HT-1639/12407,2005,05-11-2006
782,294,220/132/33KVKV SS Husnabad,10/16,132/33KV,NGEF LTD,2800031967,1979,05-07-2014
783,295,220/132/33KV SS Huzurnagar,100,220/132KV,BHARAT BIJLEE LTD,5590/09,2018,10-12-2018
784,295,220/132/33KV SS Huzurnagar,100,220/132KV,BHARAT BIJLEE LTD,5590/10,2018,10-12-2018
785,295,220/132/33KV SS Huzurnagar,31.5,132/33KV,ECE INDUSTRIES LIMITED,86762,2017,10-12-2018
786,295,220/132/33KV SS Huzurnagar,31.5,132/33KV,ECE INDUSTRIES LIMITED,86766,2017,10-12-2018
787,296,220/132/33KV SS Kalluru,31.5,132/33KV,BHEL,2037969,2013,29-12-2024
788,296,220/132/33KV SS Kalluru,100,220/132KV,BHARAT BIJLEE LTD,T-5590/04,2017,03-08-2018
789,296,220/132/33KV SS Kalluru,100,220/132KV,BHARAT BIJLEE LTD,T-5590/03,2017,03-08-2018
790,296,220/132/33KV SS Kalluru,31.5,132/33KV,ECE INDUSTRIES LIMITED,S-86776,2017,31-01-2025
791,297,220/132/33KV SS Kosigi,31.5,132/33KV,IMP POWERS LTD,PT-7254,2014,17-12-2014
792,297,220/132/33KV SS Kosigi,100,220/132KV,EMCO,HT1513/12098,2001,22-08-2016
793,297,220/132/33KV SS Kosigi,100,220/132KV,TBEA LTD,15B04074/K0064,2015,04-07-2016
794,297,220/132/33KV SS Kosigi,50,132/33KV,TRANSFORMERS & RECTIFIERS LTD,PC0101739,2023,02-09-2023
795,298,220/132/33KV SS Madugula,31.5,132/33KV,ECE INDUSTRIES LIMITED,S-86759,2017,23-03-2018
796,298,220/132/33KV SS Madugula,31.5,132/33KV,ECE INDUSTRIES LIMITED,S-86750,2016,11-11-2017
797,298,220/132/33KV SS Madugula,100,220/132KV,BHARAT BIJLEE LTD,5590/05,2017,03-08-2018
798,298,220/132/33KV SS Madugula,100,220/132KV,BHARAT BIJLEE LTD,5590/06,2017,03-03-2018
799,299,220/132/33KV SS Mahaboobabad,31.5,132/33KV,IMP POWERS LTD,PT-7244,2014,15-02-2024
800,299,220/132/33KV SS Mahaboobabad,100,220/132KV,TRANSFORMERS & RECTIFIERS LTD,PMO100084,2012,12-03-2025
801,299,220/132/33KV SS Mahaboobabad,10/16,132/33KV,APEX TRANSFORMERS LTD,T-997/01,1997,17-11-2010
802,299,220/132/33KV SS Mahaboobabad,100,220/132KV,BHARAT BIJLEE LTD,T/05590-02,2017,29-01-2018
803,299,220/132/33KV SS Mahaboobabad,100,220/132KV,CROMPTON GREAVES LTD,BH8849/1,2002,17-03-2018
804,300,220/132/33KV SS Mahabubnagar(Bhootpur),160,220/132KV,VIJAI ELECTRICALS LTD,90073A03,2010,06-11-2010
805,300,220/132/33KV SS Mahabubnagar(Bhootpur),160,220/132KV,BHARAT BIJLEE LTD,5471/6,2015,10-02-2016
806,300,220/132/33KV SS Mahabubnagar(Bhootpur),50,132/33KV,TOSHIBA,90175A03,2015,17-11-2015
807,300,220/132/33KV SS Mahabubnagar(Bhootpur),31.5,132/33KV,TOSHIBA,90199A01,2016,10-05-2022
808,300,220/132/33KV SS Mahabubnagar(Bhootpur),160,220/132KV,BHARAT BIJLEE LTD,5595/9,2018,02-08-2018
809,301,220/132/33KV SS Manuguru,160,220/132KV,BHARAT BIJLEE LTD,5471/01,2015,12-02-2016
810,301,220/132/33KV SS Manuguru,160,220/132KV,BHARAT BIJLEE LTD,5471/16,2016,31-03-2016
811,301,220/132/33KV SS Manuguru,50,132/33KV,BHARAT BIJLEE LTD,5469/44,2016,31-12-2016
812,301,220/132/33KV SS Manuguru,50,132/33KV,TRANSFORMERS & RECTIFIERS LTD,PC0101734,2023,18-01-2024
813,302,220/132KV SS Medchal,160,220/132KV,TRANSFORMERS & RECTIFIERS LTD,100085,2012,26-11-2012
814,302,220/132KV SS Medchal,160,220/132KV,TRANSFORMERS & RECTIFIERS LTD,100024,2009,01-06-2010
815,302,220/132KV SS Medchal,160,220/132KV,BHARAT BIJLEE LTD,5595/10,2018,22-11-2018
816,303,220/132/33KV SS Meenajipet,31.5,132/33KV,ECE INDUSTRIES LIMITED,S-86753,2017,09-06-2017
817,303,220/132/33KV SS Meenajipet,100,220/132KV,BHARAT BIJLEE LTD,5590/12,2018,06-02-2020
818,303,220/132/33KV SS Meenajipet,31.5,132/33KV,ECE INDUSTRIES LIMITED,S-86778,2018,06-02-2020
819,304,220/132/33KV SS Minpur,160,220/132KV,IMP POWERS LTD,PT-7612,2015,16-05-2016
820,304,220/132/33KV SS Minpur,160,220/132KV,BHARAT BIJLEE LTD,5471/1,2015,18-02-2016
821,304,220/132/33KV SS Minpur,50,132/33KV,BHARAT BIJLEE LTD,5469/10,2015,05-02-2016
822,304,220/132/33KV SS Minpur,50,132/33KV,BHARAT BIJLEE LTD,5469/40,2015,02-04-2016
823,304,220/132/33KV SS Minpur,160,220/132KV,BHARAT BIJLEE LTD,T/05595/03,2017,21-02-2018
824,305,220/132/33KV SS Miryalaguda,160,220/132KV,SIEMENS LTD,110002-3,2008,23-06-2008
825,305,220/132/33KV SS Miryalaguda,80,132/33KV,TECHNICAL ASSOCIATES LTD,S00000476,2016,30-12-2016
826,305,220/132/33KV SS Miryalaguda,100,220/132KV,BHEL,2006475,1991,14-11-2012
827,305,220/132/33KV SS Miryalaguda,160,220/132KV,ABB POWER PRODUCTS AND SYSTEMS,13082-001,2008,31-07-2009
828,305,220/132/33KV SS Miryalaguda,100,220/132KV,CROMPTON GREAVES LTD,T8788,2001,21-12-2002
829,305,220/132/33KV SS Miryalaguda,80,132/33KV,IMP POWERS LTD,PT7607,2015,23-11-2019
830,306,220/132/33KV SS Miyapur,160,220/132KV,BHEL,2038220,2014,27-12-2014
831,306,220/132/33KV SS Miyapur,160,220/132KV,TOSHIBA,90161A01,2014,04-09-2015
832,306,220/132/33KV SS Miyapur,80,132/33KV,BHARAT BIJLEE LTD,5276,2014,05-01-2015
833,306,220/132/33KV SS Miyapur,80,132/33KV,BHARAT BIJLEE LTD,5443/1,2014,11-11-2015
834,307,220/132/33KV SS Moulali,80,132/33KV,VIJAI ELECTRICALS LTD,901151302,2012,16-10-2012
835,307,220/132/33KV SS Moulali,160,220/132KV,ABB POWER PRODUCTS AND SYSTEMS,13042-002,2007,05-09-2007
836,307,220/132/33KV SS Moulali,160,220/132KV,SIEMENS LTD,1-110002-4,2008,27-02-2009
837,307,220/132/33KV SS Moulali,80,132/33KV,TECHNICAL ASSOCIATES LTD,SO 0000479,2016,22-06-2016
838,307,220/132/33KV SS Moulali,100,220/132KV,EMCO,HT1639/12406,2005,21-08-2018
839,307,220/132/33KV SS Moulali,80,132/33KV,TRANSFORMERS & RECTIFIERS LTD,PC0 101389,2018,01-05-2024
840,307,220/132/33KV SS Moulali,50,132/33KV,ECE INDUSTRIES LIMITED,87849,2025,10-05-2025
841,308,220/132/33KV SS Nagarkurnool,50,132/33KV,VIJAI ELECTRICALS LTD,90041B02,2009,02-12-2011
842,308,220/132/33KV SS Nagarkurnool,100,220/132KV,TBEA LTD,15B05075,2015,16-12-2023
843,308,220/132/33KV SS Nagarkurnool,100,220/132KV,VIJAI ELECTRICALS LTD,90001A01,2007,03-04-2019
844,308,220/132/33KV SS Nagarkurnool,50,132/33KV,TRANSFORMERS & RECTIFIERS LTD,PC0101747,2023,12-09-2023
845,309,220/132/33KV SS Nagole,31.5,132/33KV,TOSHIBA,90164A02,2015,22-06-2015
846,309,220/132/33KV SS Nagole,100,220/132KV,T/F ELE KERALA LTD,130137-2,2000,03-10-2016
847,309,220/132/33KV SS Nagole,100,220/132KV,TBEA LTD,15BO8077,2015,23-09-2016
848,309,220/132/33KV SS Nagole,80,132/33KV,BHARAT BIJLEE LTD,5610/05,2018,02-05-2018
849,310,220/132/33KV SS Narketpally,31.5,132/33KV,APEX TRANSFORMERS LTD,T-797/46080,1991,03-06-2020
850,310,220/132/33KV SS Narketpally,100,220/132KV,T/F ELE KERALA LTD,130137-4,2000,29-08-2001
851,310,220/132/33KV SS Narketpally,100,220/132KV,T/F ELE KERALA LTD,130154-6,2007,17-01-2008
852,310,220/132/33KV SS Narketpally,160,220/132KV,TOSHIBA,90161A03,2015,20-05-2016
853,310,220/132/33KV SS Narketpally,50,132/33KV,TECHNICAL ASSOCIATES LTD,SP-1131-5,2020,10-07-2020
854,310,220/132/33KV SS Narketpally,160,220/132KV,TRANSFORMERS & RECTIFIERS LTD,PMO100477,2023,21-10-2023
855,311,220/132/33KV SS Nirmal,50,132/33KV,BHARAT BIJLEE LTD,5469/37,2016,29-02-2016
856,311,220/132/33KV SS Nirmal,100,220/132KV,CROMPTON GREAVES LTD,BH 9038/2,2002,21-11-2004
857,311,220/132/33KV SS Nirmal,100,220/132KV,EMCO,1439/11893,1999,28-11-1999
858,311,220/132/33KV SS Nirmal,50,132/33KV,TRANSFORMERS & RECTIFIERS LTD,PC0101370,2018,11-07-2018
859,311,220/132/33KV SS Nirmal,160,220/132KV,TRANSFORMERS & RECTIFIERS LTD,PM0100481,2024,02-02-2025
860,312,220/132/33KV SS Osmania University,80,132/33KV,VIJAI ELECTRICALS LTD,90115803,2012,14-10-2015
861,312,220/132/33KV SS Osmania University,80,132/33KV,VIJAI ELECTRICALS LTD,90128A-01,2012,14-10-2015
862,312,220/132/33KV SS Osmania University,160,220/132KV,BHARAT BIJLEE LTD,5264/1,2011,14-10-2015
863,312,220/132/33KV SS Osmania University,160,220/132KV,TRANSFORMERS & RECTIFIERS LTD,PM0100457,2023,03-07-2023
864,313,220/132/33KV SS Pedagoopathi,100,220/132KV,EMCO,1439/11891,1998,25-01-2023
865,313,220/132/33KV SS Pedagoopathi,100,220/132KV,BHARAT BIJLEE LTD,5590/11,2018,01-12-2018
866,313,220/132/33KV SS Pedagoopathi,31.5,132/33KV,ECE INDUSTRIES LIMITED,S-86782,2018,03-12-2018
867,313,220/132/33KV SS Pedagoopathi,31.5,132/33KV,ECE INDUSTRIES LIMITED,S-86781,2018,03-12-2018
868,314,220/132/33KV SS Renjal,31.5,132/33KV,BHARAT BIJLEE LTD,3890/2,1994,10-01-1995
869,314,220/132/33KV SS Renjal,50,132/33KV,BHARAT BIJLEE LTD,3780/1,1993,17-12-2015
870,314,220/132/33KV SS Renjal,100,220/132KV,BHARAT BIJLEE LTD,5590/07,2018,15-02-2020
871,314,220/132/33KV SS Renjal,100,220/132KV,BHARAT BIJLEE LTD,5590/18,2018,15-02-2020
872,315,220/132/33KV SS Shadnagar,80,132/33KV,VIJAI ELECTRICALS LTD,90128A03,2012,04-01-2013
873,315,220/132/33KV SS Shadnagar,50,132/33KV,VIJAI ELECTRICALS LTD,90041B03,2009,30-03-2009
874,315,220/132/33KV SS Shadnagar,100,220/132KV,EMCO,HT1698-12591,2006,29-12-2007
875,315,220/132/33KV SS Shadnagar,100,220/132KV,EMCO,HT1698-12617,2007,19-02-2009
876,315,220/132/33KV SS Shadnagar,160,220/132KV,BHARAT BIJLEE LTD,5595/4,2018,07-07-2022
877,316,220/132/33KV SS Shamshabad,50,132/33KV,BHARAT BIJLEE LTD,5469/27,2015,12-01-2016
878,316,220/132/33KV SS Shamshabad,100,220/132KV,T/F ELE KERALA LTD,130151-1,2005,20-07-2005
879,316,220/132/33KV SS Shamshabad,100,220/132KV,EMCO,HT1381/11863,1998,12-03-2016
880,316,220/132/33KV SS Shamshabad,50,132/33KV,TRANSFORMERS & RECTIFIERS LTD,PC0101376,2018,06-10-2018
881,317,220/132/33KV SS Shivarampally,80,132/33KV,BHARAT BIJLEE LTD,5262/04,2011,07-03-2012
882,317,220/132/33KV SS Shivarampally,50,132/33KV,ABB POWER PRODUCTS AND SYSTEMS,12014/001,2002,15-11-2002
883,317,220/132/33KV SS Shivarampally,160,220/132KV,VIJAI ELECTRICALS LTD,90115C02,2012,03-09-2014
884,317,220/132/33KV SS Shivarampally,80,132/33KV,TECHNICAL ASSOCIATES LTD,SO 0000478,2016,26-08-2016
885,317,220/132/33KV SS Shivarampally,50,132/33KV,TRANSFORMERS & RECTIFIERS LTD,1576,2005,15-12-2005
886,317,220/132/33KV SS Shivarampally,80,132/33KV,BHARAT BIJLEE LTD,05118/1,2009,24-09-2009
887,317,220/132/33KV SS Shivarampally,100,220/132KV,ALSTOM INSTRUMENT TRANSFORMERS,TSSC-6558/E/B-29825,2005,06-08-2005
888,317,220/132/33KV SS Shivarampally,160,220/132KV,BHARAT BIJLEE LTD,5595/11,2017,26-07-2018
889,317,220/132/33KV SS Shivarampally,160,220/132KV,TRANSFORMERS & RECTIFIERS LTD,PM0100460,2025,11-04-2025
890,318,220/132KV SS Siricilla,50,132/33KV,CROMPTON GREAVES LTD,T-8719,2000,30-11-2000
891,318,220/132KV SS Siricilla,100,220/132KV,GEC ALSTOM,B-28801,1994,20-01-2017
892,318,220/132KV SS Siricilla,100,220/132KV,T/F ELE KERALA LTD,130137-6,2001,15-12-2016
893,318,220/132KV SS Siricilla,100,220/132KV,BHEL,2010973,1998,23-01-2017
894,318,220/132KV SS Siricilla,50,132/33KV,BHEL,2001970,1984,28-12-2020
895,318,220/132KV SS Siricilla,50,132/33KV,TRANSFORMERS & RECTIFIERS LTD,PCO101369,2018,09-08-2018
896,319,220/132/33KV SS Tandur,50,132/33KV,TRANSFORMERS & RECTIFIERS LTD,PC0100291,2012,05-01-2013
897,319,220/132/33KV SS Tandur,50,132/33KV,VOLTAMP TRANSFORMERS LTD,21671/4,2017,21-12-2019
898,319,220/132/33KV SS Tandur,100,220/132KV,CROMPTON GREAVES LTD,BH9038/22,2002,25-07-2005
899,319,220/132/33KV SS Tandur,100,220/132KV,T/F ELE KERALA LTD,130137/5,2001,03-09-2016
900,320,220/132/33KV SS Waddekothapally,50,132/33KV,ABB POWER PRODUCTS AND SYSTEMS,12014-005,2002,11-02-2003
901,320,220/132/33KV SS Waddekothapally,50,132/33KV,BHARAT BIJLEE LTD,5131/8,2009,21-06-2010
902,320,220/132/33KV SS Waddekothapally,160,220/132KV,IMP POWERS LTD,PT-7610,2015,06-02-2016
903,320,220/132/33KV SS Waddekothapally,160,220/132KV,BHARAT BIJLEE LTD,5471/2,2015,24-11-2015
904,320,220/132/33KV SS Waddekothapally,160,220/132KV,BHARAT BIJLEE LTD,5471/18,2016,25-04-2016
905,320,220/132/33KV SS Waddekothapally,31.5,132/33KV,ECE INDUSTRIES LIMITED,S-86769,2017,19-02-2021
906,321,220/132/33KV SS Wanaparthy,160,220/132KV,BHARAT BIJLEE LTD,5471/10,2015,29-02-2016
907,321,220/132/33KV SS Wanaparthy,160,220/132KV,VIJAI ELECTRICALS LTD,210002,2010,02-08-2010
908,321,220/132/33KV SS Wanaparthy,80,132/33KV,BHARAT BIJLEE LTD,5486/6,2016,22-03-2016
909,321,220/132/33KV SS Wanaparthy,80,132/33KV,IMP POWERS LTD,PT7605,2015,13-02-2016
910,321,220/132/33KV SS Wanaparthy,160,220/132KV,TRANSFORMERS & RECTIFIERS LTD,PM0100468,2025,30-04-2025
911,322,220/132/33KV SS Durshed,160,220/132KV,IMP POWERS LTD,PT-7609,2015,30-12-2015
912,322,220/132/33KV SS Durshed,160,220/132KV,BHARAT BIJLEE LTD,5471/09,2015,14-03-2016
913,322,220/132/33KV SS Durshed,160,220/132KV,BHARAT BIJLEE LTD,5471/07,2015,23-02-2016
914,322,220/132/33KV SS Durshed,31.5,132/33KV,BHEL,2037960,2013,04-12-2014
915,322,220/132/33KV SS Durshed,31.5,132/33KV,ECE INDUSTRIES LIMITED,S-86775,2017,12-09-2018
916,323,220/132/33KV SS Bheemgal,160,220/132KV,BHARAT BIJLEE LTD,5471/8,2015,19-02-2016
917,323,220/132/33KV SS Bheemgal,80,132/33KV,BHARAT BIJLEE LTD,5486/5,2016,22-06-2024
918,323,220/132/33KV SS Bheemgal,80,132/33KV,BHARAT BIJLEE LTD,5610/1,2017,09-02-2018
919,323,220/132/33KV SS Bheemgal,160,220/132KV,TRANSFORMERS & RECTIFIERS LTD,PM 0100464,2023,20-12-2023
920,324,220/132/33KV SS Chandanvally,50,132/33KV,BHARAT BIJLEE LTD,4957/6,2007,30-12-2017
921,324,220/132/33KV SS Chandanvally,100,220/132KV,BHARAT BIJLEE LTD,5590/14,2018,06-02-2020
922,324,220/132/33KV SS Chandanvally,50,132/33KV,TRANSFORMERS & RECTIFIERS LTD,PC0101732,2023,07-02-2024
923,325,220/132/33KV SS Jangaon,50,132/33KV,APEX TRANSFORMERS LTD,T-956A/03,1997,28-12-2024
924,325,220/132/33KV SS Jangaon,160,220/132KV,BHARAT BIJLEE LTD,5273/1,2011,07-09-2022
925,325,220/132/33KV SS Jangaon,50,132/33KV,MARSONS LTD,83568,2014,10-10-2014
926,325,220/132/33KV SS Jangaon,100,220/132KV,BHARAT BIJLEE LTD,5590/16,2018,27-05-2019
927,326,220/33/11KV SS Salivagu,50,220/11KV,VIJAI ELECTRICALS LTD,90072A01,2010,27-04-2011
928,326,220/33/11KV SS Salivagu,50,220/11KV,VIJAI ELECTRICALS LTD,90070A01,2010,29-08-2010
929,326,220/33/11KV SS Salivagu,31.5,220/33KV,VOLTAMP TRANSFORMERS LTD,22515/2,2015,13-01-2016
930,326,220/33/11KV SS Salivagu,31.5,220/33KV,VOLTAMP TRANSFORMERS LTD,22515/1,2015,23-02-2016
931,327,220/33 KVKV SS Chanchalguda,50,220/33KV,TRANSFORMERS & RECTIFIERS LTD,PC0101573,2020,20-03-2021
932,327,220/33 KVKV SS Chanchalguda,50,220/33KV,TRANSFORMERS & RECTIFIERS LTD,PC0101574,2020,26-03-2021
933,327,220/33 KVKV SS Chanchalguda,50,220/33KV,TRANSFORMERS & RECTIFIERS LTD,PC0101572,2020,31-03-2021
934,366,220/33KV SS Domalapenta,31.5,220/33KV,VOLTAMP TRANSFORMERS LTD,22549/1-R,2016,18-09-2016
935,366,220/33KV SS Domalapenta,31.5,220/33KV,BHARAT BIJLEE LTD,5652/2,2018,26-07-2019
936,328,220/33KV SS Hayathnagar(Autonagar),100,220/33KV,INDO TECH TRANSFORMERS LTD,ITK-55518,2021,20-07-2021
937,328,220/33KV SS Hayathnagar(Autonagar),100,220/33KV,INDO TECH TRANSFORMERS LTD,ITK-55517,2021,26-08-2021
938,329,220/33KV SS HIAL,50,220/33KV,ATLANTA ELECTRICALS PVT LTD,1722/10,2024,31-07-2024
939,329,220/33KV SS HIAL,50,220/33KV,ATLANTA ELECTRICALS PVT LTD,1722/20,2024,28-08-2024
940,330,220/33KV SS Nagaram,31.5,220/33KV,BHARAT BIJLEE LTD,5652/1,2018,27-11-2018
941,330,220/33KV SS Nagaram,31.5,220/33KV,ATLANTA ELECTRICALS PVT LTD,1394/10,2020,20-10-2020
942,331,220/33KV SS Singotam,50,220/33KV,BHARAT BIJLEE LTD,5277/2,2012,30-10-2021
943,331,220/33KV SS Singotam,31.5,220/33KV,VOLTAMP TRANSFORMERS LTD,22515/3,2015,02-09-2016
944,332,220/11KV SS Bheemghanpur,50,220/11KV,VIJAI ELECTRICALS LTD,90072A03,2010,21-07-2010
945,332,220/11KV SS Bheemghanpur,50,220/11KV,VIJAI ELECTRICALS LTD,90070A03,2010,08-08-2019
946,332,220/11KV SS Bheemghanpur,80,220/11KV,ATLANTA ELECTRICALS PVT LTD,1290/20,2018,14-08-2019
947,332,220/11KV SS Bheemghanpur,80,220/11KV,ATLANTA ELECTRICALS PVT LTD,1290/10,2018,07-06-2019
948,332,220/11KV SS Bheemghanpur,31.5,220/33KV,ATLANTA ELECTRICALS PVT LTD,1390/10,2019,06-07-2020
949,333,220/33KV SS BOWRAMPET,50,220/33KV,BHARAT BIJLEE LTD,5277/1,2012,01-03-2025
950,333,220/33KV SS BOWRAMPET,31.5,220/33KV,ATLANTA ELECTRICALS PVT LTD,1390/20,2019,30-12-2019
951,334,33/132KV SS NTPC Ramagundam (10MW Solar Plant),10/16,33/132KV,ANDREW YULE,12616,1997,10-05-2016
952,335,400/220KV SS Ramadugu,25,400/11KV,T/F ELE KERALA LTD,120682-02,2017,17-09-2018
953,335,400/220KV SS Ramadugu,25,400/11KV,T/F ELE KERALA LTD,120682-01,2017,28-06-2018
954,335,400/220KV SS Ramadugu,160,400/13.8KV,T/F ELE KERALA LTD,140190-02,2017,25-06-2019
955,335,400/220KV SS Ramadugu,160,400/13.8KV,T/F ELE KERALA LTD,140190-01,2017,28-06-2019
956,335,400/220KV SS Ramadugu,160,400/13.8KV,T/F ELE KERALA LTD,140190-03,2017,26-07-2019
957,335,400/220KV SS Ramadugu,160,400/13.8KV,T/F ELE KERALA LTD,140190-05,2017,15-08-2019
958,335,400/220KV SS Ramadugu,160,400/13.8KV,T/F ELE KERALA LTD,140190-06,2017,22-09-2019
959,335,400/220KV SS Ramadugu,160,400/13.8KV,T/F ELE KERALA LTD,140190-04,2017,29-08-2019
960,335,400/220KV SS Ramadugu,160,400/13.8KV,T/F ELE KERALA LTD,140190-07,2017,07-09-2019
961,335,400/220KV SS Ramadugu,500,400/220KV,TOSHIBA,90356A01,2019,29-01-2020
962,335,400/220KV SS Ramadugu,500,400/220KV,TOSHIBA,90356A04,2019,29-01-2020
963,337,400/11KV SS Medaram,160,400/11KV,T/F ELE KERALA LTD,140191-01,2017,28-12-2018
964,337,400/11KV SS Medaram,160,400/11KV,T/F ELE KERALA LTD,140191-02,2017,28-12-2018
965,337,400/11KV SS Medaram,25,400/11KV,T/F ELE KERALA LTD,120683-01,2017,27-08-2018
966,337,400/11KV SS Medaram,160,400/11KV,T/F ELE KERALA LTD,140191-03,2017,14-05-2019
967,337,400/11KV SS Medaram,160,400/11KV,T/F ELE KERALA LTD,140191-04,2017,14-05-2019
968,337,400/11KV SS Medaram,160,400/11KV,T/F ELE KERALA LTD,140191-05,2017,18-07-2019
969,337,400/11KV SS Medaram,160,400/11KV,T/F ELE KERALA LTD,140191-06,2017,23-09-2019
970,337,400/11KV SS Medaram,160,400/11KV,T/F ELE KERALA LTD,140191-07,2017,26-10-2019
971,337,400/11KV SS Medaram,100,400/11KV,T/F ELE KERALA LTD,120683-02,2017,28-12-2018
972,338,400/11KV SS Tukkapur,25,400/11KV,SIEMENS LTD,I100186-01,2018,30-01-2020
973,338,400/11KV SS Tukkapur,25,400/11KV,SIEMENS LTD,I100186-02,2018,30-01-2020
974,338,400/11KV SS Tukkapur,50,400/11KV,SIEMENS LTD,100187-01,2018,17-02-2020
975,338,400/11KV SS Tukkapur,50,400/11KV,SIEMENS LTD,100187-02,2017,17-02-2020
976,338,400/11KV SS Tukkapur,50,400/11KV,SIEMENS LTD,I100187-03,2018,22-02-2020
977,338,400/11KV SS Tukkapur,50,400/11KV,SIEMENS LTD,I100187-04,2018,22-02-2020
978,338,400/11KV SS Tukkapur,50,400/11KV,SIEMENS LTD,I100187-06,2018,16-03-2020
979,338,400/11KV SS Tukkapur,50,400/11KV,SIEMENS LTD,I100187-05,2018,06-03-2020
980,338,400/11KV SS Tukkapur,50,400/11KV,SIEMENS LTD,I100187-07,2018,01-04-2020
981,338,400/11KV SS Tukkapur,50,400/11KV,SIEMENS LTD,I100187-08,2018,24-03-2020
982,341,400/11KV SS Chandulapur,25,400/11KV,T/F ELE KERALA LTD,120698-01,2018,05-07-2019
983,341,400/11KV SS Chandulapur,25,400/11KV,T/F ELE KERALA LTD,120698-02,2018,22-08-2019
984,341,400/11KV SS Chandulapur,160,400/11KV,T/F ELE KERALA LTD,140194-01,2018,06-09-2019
985,341,400/11KV SS Chandulapur,160,400/11KV,T/F ELE KERALA LTD,140194-03,2019,18-10-2019
986,341,400/11KV SS Chandulapur,160,400/11KV,T/F ELE KERALA LTD,140194-04,2019,18-10-2019
987,341,400/11KV SS Chandulapur,160,400/11KV,T/F ELE KERALA LTD,140194-02,2018,17-09-2019
988,342,400/220/132KV SS Suryapet,315,400/220KV,CROMPTON GREAVES LTD,BH10608/01,2015,31-03-2016
989,342,400/220/132KV SS Suryapet,315,400/220KV,CROMPTON GREAVES LTD,T10725-01,2016,17-03-2017
990,342,400/220/132KV SS Suryapet,160,220/132KV,IMP POWERS LTD,PT7718,2016,13-01-2023
991,342,400/220/132KV SS Suryapet,100,220/132KV,TBEA LTD,15B05076,2015,22-06-2016
992,342,400/220/132KV SS Suryapet,160,220/132KV,TRANSFORMERS & RECTIFIERS LTD,PM0100478,2023,26-11-2023
993,343,400/220KV SS Asupaka,315,400/220KV,CROMPTON GREAVES LTD,T-10725/3,2016,10-08-2017
994,343,400/220KV SS Asupaka,315,400/220KV,CROMPTON GREAVES LTD,BH10608/03,2015,04-10-2024
995,344,400/220KV SS Dichpally,315,400/220KV,EMCO,12798,2008,05-04-2008
996,344,400/220KV SS Dichpally,315,400/220KV,EMCO,12839,2007,24-05-2008
997,344,400/220KV SS Dichpally,315,400/220KV,CROMPTON GREAVES LTD,T-10725/2,2016,27-03-2017
998,344,400/220KV SS Dichpally,500,400/220KV,TOSHIBA,90677A02,2022,21-02-2024
999,345,400/220/132KV SS Gajwel,160,220/132KV,TOSHIBA,90161A02,2015,01-07-2015
1000,345,400/220/132KV SS Gajwel,315,400/220KV,EMCO,HT 1724 12797,2007,16-09-2011
1001,345,400/220/132KV SS Gajwel,315,400/220KV,T/F ELE KERALA LTD,140166-09,2013,19-09-2014
1002,345,400/220/132KV SS Gajwel,500,400/220KV,TRANSFORMERS & RECTIFIERS LTD,PM0100213,2017,03-05-2018
1003,345,400/220/132KV SS Gajwel,160,220/132KV,BHARAT BIJLEE LTD,5595/6,2017,26-08-2022
1004,345,400/220/132KV SS Gajwel,160,220/132KV,BTW ATLANTA TRANSFORMERS,20192T01,2019,16-12-2019
1005,345,400/220/132KV SS Gajwel,500,400/220KV,TOSHIBA,90605A03,2022,25-02-2023
1006,346,400/220KV SS Julurupadu,315,400/220KV,TOSHIBA,90204A01,2016,30-07-2018
1007,346,400/220KV SS Julurupadu,315,400/220KV,TOSHIBA,90204A02,2017,30-07-2018
1008,347,400/220KV SS Maheshwaram,500,400/220KV,TBEA LTD,16B 12103/K0190,2016,03-09-2017
1009,347,400/220KV SS Maheshwaram,500,400/220KV,TBEA LTD,17B02005/K0191,2016,15-11-2017
1010,348,400/220KV SS Mamidipally,315,400/220KV,CROMPTON GREAVES LTD,T-8513/3,1997,24-04-2000
1011,348,400/220KV SS Mamidipally,315,400/220KV,BHEL,6006453,2008,16-04-2011
1012,348,400/220KV SS Mamidipally,315,400/220KV,T/F ELE KERALA LTD,1401668,2013,06-01-2016
1013,348,400/220KV SS Mamidipally,315,400/220KV,ABB POWER PRODUCTS AND SYSTEMS,14001-002,2005,27-03-2024
1014,349,400/220/132KV SS Narsapur,315,400/220KV,CROMPTON GREAVES LTD,BH10608/04,2016,31-03-2017
1015,349,400/220/132KV SS Narsapur,100,220/132KV,BHEL,2038212,2014,11-07-2017
1016,349,400/220/132KV SS Narsapur,315,400/220KV,CROMPTON GREAVES LTD,T10797/01,2016,15-09-2017
1017,349,400/220/132KV SS Narsapur,315,400/220KV,CROMPTON GREAVES LTD,T10797/03,2016,24-11-2017
1018,349,400/220/132KV SS Narsapur,160,220/132KV,BHARAT BIJLEE LTD,5471/13,2015,16-09-2017
1019,349,400/220/132KV SS Narsapur,160,220/132KV,BHARAT BIJLEE LTD,5595/05,2017,19-10-2024
1020,350,400/220KV SS Nirmal,315,400/220KV,TOSHIBA,90204A04,2017,07-08-2018
1021,350,400/220KV SS Nirmal,315,400/220KV,TOSHIBA,90204A05,2017,07-08-2018
1022,350,400/220KV SS Nirmal,315,400/220KV,TOSHIBA,90204A03,2017,14-08-2018
1023,351,400/220KV SS Shankarpally,315,400/220KV,T/F ELE KERALA LTD,140166-3,2012,06-03-2013
1024,351,400/220KV SS Shankarpally,315,400/220KV,T/F ELE KERALA LTD,140166-2,2012,18-11-2012
1025,351,400/220KV SS Shankarpally,315,400/220KV,T/F ELE KERALA LTD,140166-1,2012,03-06-2013
1026,351,400/220KV SS Shankarpally,500,400/220KV,TRANSFORMERS & RECTIFIERS LTD,PM0100214,2018,10-10-2018
1027,352,400/220KV SS Veltoor,315,400/220KV,EMCO,HT 1724/1284,2007,31-01-2010
1028,352,400/220KV SS Veltoor,315,400/220KV,VIJAI ELECTRICALS LTD,90014A01,2009,16-06-2010
1029,352,400/220KV SS Veltoor,500,400/220KV,TOSHIBA,90677A01,2022,08-02-2023
1030,352,400/220KV SS Veltoor,500,400/220KV,TOSHIBA,90605A02,2021,04-08-2023
1031,353,400/220/11KV SS Kamalapuram,315,400/220KV,BHEL,6006452,2007,29-04-2024
1032,353,400/220/11KV SS Kamalapuram,315,400/220KV,THOSHIBA T&D SYSTEMS PVT LTD,90366B01,2019,11-11-2021
1033,353,400/220/11KV SS Kamalapuram,315,400/220KV,THOSHIBA T&D SYSTEMS PVT LTD,90366B02,2019,11-11-2021
1034,354,400/220/11KV SS Sundilla,315,400/220KV,T/F ELE KERALA LTD,140193-01,2018,13-08-2018
1035,354,400/220/11KV SS Sundilla,315,400/220KV,T/F ELE KERALA LTD,140193-2,2018,24-12-2018
1036,354,400/220/11KV SS Sundilla,50,220/11KV,T/F ELE KERALA LTD,120697-1,2018,15-03-2019
1037,354,400/220/11KV SS Sundilla,50,220/11KV,T/F ELE KERALA LTD,120697-6,2018,15-03-2019
1038,354,400/220/11KV SS Sundilla,50,220/11KV,T/F ELE KERALA LTD,120697-8,2018,09-04-2019
1039,354,400/220/11KV SS Sundilla,50,220/11KV,T/F ELE KERALA LTD,120697-7,2018,09-04-2019
1040,354,400/220/11KV SS Sundilla,50,220/11KV,T/F ELE KERALA LTD,120697-2,2018,09-04-2019
1041,354,400/220/11KV SS Sundilla,50,220/11KV,T/F ELE KERALA LTD,120697-5,2018,01-07-2019
1042,354,400/220/11KV SS Sundilla,50,220/11KV,T/F ELE KERALA LTD,120696-4,2017,01-07-2019
1043,354,400/220/11KV SS Sundilla,50,220/11KV,T/F ELE KERALA LTD,120697-3,2017,01-07-2019
1044,354,400/220/11KV SS Sundilla,315,400/220KV,T/F ELE KERALA LTD,140193-03,2018,29-06-2019
1045,354,400/220/11KV SS Sundilla,50,220/11KV,T/F ELE KERALA LTD,120696-09,2019,31-08-2019
1046,354,400/220/11KV SS Sundilla,50,220/11KV,T/F ELE KERALA LTD,120696-10,2019,05-12-2019
1047,354,400/220/11KV SS Sundilla,315,400/220KV,T/F ELE KERALA LTD,140193-04,2019,14-02-2020
1048,354,400/220/11KV SS Sundilla,50,220/11KV,T/F ELE KERALA LTD,120697-11,2019,25-09-2020
1049,354,400/220/11KV SS Sundilla,50,220/11KV,TOSHIBA,NA,1111,16-10-2020
1050,354,400/220/11KV SS Sundilla,50,220/11KV,TOSHIBA,NA,1111,20-11-2020
1051,354,400/220/11KV SS Sundilla,50,220/11KV,TOSHIBA,NA,1111,16-12-2020
1052,354,400/220/11KV SS Sundilla,50,220/11KV,TOSHIBA,NA,1111,26-12-2020
1053,354,400/220/11KV SS Sundilla,50,220/11KV,TOSHIBA,NA,1111,28-10-2020
1054,355,400/220/132KV SS Malkaram,315,400/220KV,VIJAI ELECTRICALS LTD,90014A03,2009,15-05-2010
1055,355,400/220/132KV SS Malkaram,315,400/220KV,T/F ELE KERALA LTD,140166-4,2012,15-02-2013
1056,355,400/220/132KV SS Malkaram,100,220/132KV,EMCO,HT-1698,2006,17-04-2008
1057,355,400/220/132KV SS Malkaram,315,400/220KV,VIJAI ELECTRICALS LTD,90014A04,2009,15-05-2010
1058,355,400/220/132KV SS Malkaram,315,400/220KV,TOSHIBA,90204A08,2017,22-11-2018
1059,355,400/220/132KV SS Malkaram,160,220/132KV,BHARAT BIJLEE LTD,05595/8,2018,06-07-2018
1060,356,400/220/132/33KV SS Raidurg,500,400/220KV,TOSHIBA,90366A01,2019,13-01-2022
1061,356,400/220/132/33KV SS Raidurg,500,400/220KV,TOSHIBA,90366A02,2019,13-01-2022
1062,356,400/220/132/33KV SS Raidurg,160,220/132KV,BTW ATLANTA TRANSFORMERS,201812T02,2019,13-12-2021
1063,356,400/220/132/33KV SS Raidurg,160,220/132KV,BTW ATLANTA TRANSFORMERS,20191T02,2019,15-12-2021
1064,356,400/220/132/33KV SS Raidurg,80,132/33KV,TOSHIBA,90505A01,2020,05-02-2022
1065,356,400/220/132/33KV SS Raidurg,80,132/33KV,TOSHIBA,90505A02,2020,05-02-2022
1066,356,400/220/132/33KV SS Raidurg,80,132/33KV,TOSHIBA,90505A03,2020,05-02-2022
1067,357,400/220/132KVKV SS KTPP Bhupalapally,100,220/132KV,BHARAT BIJLEE LTD,5590/15 MFG,2018,11-12-2018
1068,358,400/220/132KV SS Choutuppal,500,400/220KV,TOSHIBA,90605A01,2021,16-03-2023
1069,358,400/220/132KV SS Choutuppal,500,400/220KV,TOSHIBA,90709A01,2023,03-11-2023
1070,358,400/220/132KV SS Choutuppal,160,220/132KV,TRANSFORMERS & RECTIFIERS LTD,PM0100458,2023,08-01-2024
1071,358,400/220/132KV SS Choutuppal,160,220/132KV,TRANSFORMERS & RECTIFIERS LTD,PM0100482,2023,15-02-2024
1072,359,400/220KV SS Dindi,315,400/220KV,CROMPTON GREAVES LTD,T-10797/4,2016,18-12-2017
1073,359,400/220KV SS Dindi,315,400/220KV,CROMPTON GREAVES LTD,T10797/2,2016,30-08-2017
1074,360,400/220KV SS Jangaon,500,400/220KV,TRANSFORMERS & RECTIFIERS LTD,PM0100215,2018,14-05-2019
1075,360,400/220KV SS Jangaon,500,400/220KV,TOSHIBA,90356A02,2019,01-11-2019
1076,360,400/220KV SS Jangaon,500,400/220KV,TOSHIBA,90356A03,2019,13-11-2019
1077,361,400/220/132KV SS Kethireddypally,100,220/132KV,BHEL,2014589,2003,19-03-2025
1078,361,400/220/132KV SS Kethireddypally,315,400/220KV,TOSHIBA,90204A06,2017,14-11-2018
1079,361,400/220/132KV SS Kethireddypally,315,400/220KV,TOSHIBA,90204A07,2017,14-11-2018
1080,361,400/220/132KV SS Kethireddypally,100,220/132KV,BHARAT BIJLEE LTD,"5590/17,MFG",2018,11-12-2018
1081,362,400/220KV SS Damarcherla,500,400/220KV,TOSHIBA,90606A02,2021,30-12-2022
1082,362,400/220KV SS Damarcherla,500,400/220KV,TOSHIBA,90606A01,2021,30-12-2022
1083,363,400/11KV SS Tippapur,120,400/11KV,T/F ELE KERALA LTD,140196-1,2018,04-09-2019
1084,363,400/11KV SS Tippapur,25,400/11KV,T/F ELE KERALA LTD,120705-1,2018,02-08-2019
1085,363,400/11KV SS Tippapur,25,400/11KV,T/F ELE KERALA LTD,120705-02,2019,18-07-2019
1086,363,400/11KV SS Tippapur,120,400/11KV,T/F ELE KERALA LTD,140196-2,2019,26-09-2019
1087,363,400/11KV SS Tippapur,120,400/11KV,T/F ELE KERALA LTD,140196-3,2019,13-09-2019
1088,363,400/11KV SS Tippapur,120,400/11KV,T/F ELE KERALA LTD,140196-4,2019,28-01-2020
1089,364,132/33KV SS Nizamabad,50,132/33KV,IMP POWERS LTD,PT-7596,2016,17-02-2016
1090,364,132/33KV SS Nizamabad,50,132/33KV,ECE INDUSTRIES LIMITED,S86646,2015,10-11-2015
1091,364,132/33KV SS Nizamabad,50,132/33KV,TRANSFORMERS & RECTIFIERS LTD,PC0101379,2018,18-08-2018
1092,365,132/33KV SS Pammy,31.5,132/33KV,BHARAT BIJLEE LTD,5333/21,2012,27-08-2014
1093,365,132/33KV SS Pammy,10/16,132/33KV,NGEF LTD,2800033093,1979,28-02-2025
1094,292,220/132/33KV SS Gachibowli,80,132/33KV,INDO TECH TRANSFORMERS LTD,ITK56007/6239,2025,03.12.2025
